snapshot_date,provider,gpu_model,avg_price,day_of_week,month,day,price_lag_1,price_lag_2
2026-07-10,Amazon AWS,A10,1.48666667,4,7,10,,
2026-07-11,Amazon AWS,A10,1.48666667,5,7,11,1.48666667,
2026-07-12,Amazon AWS,A10,1.48666667,6,7,12,1.48666667,1.48666667
2026-07-10,Beam,A10,1.0512,4,7,10,,
2026-07-11,Beam,A10,1.0512,5,7,11,1.0512,
2026-07-12,Beam,A10,1.0512,6,7,12,1.0512,1.0512
2026-07-10,Lambda Labs,A10,1.29,4,7,10,,
2026-07-11,Lambda Labs,A10,1.29,5,7,11,1.29,
2026-07-12,Lambda Labs,A10,1.29,6,7,12,1.29,1.29
2026-07-10,Microsoft Azure,A10,2.1270375,4,7,10,,
2026-07-11,Microsoft Azure,A10,2.1270375,5,7,11,2.1270375,
2026-07-12,Microsoft Azure,A10,2.1270375,6,7,12,2.1270375,2.1270375
2026-07-10,Modal,A10,1.1016,4,7,10,,
2026-07-11,Modal,A10,1.1016,5,7,11,1.1016,
2026-07-12,Modal,A10,1.1016,6,7,12,1.1016,1.1016
2026-07-10,Oracle Cloud,A10,2.0,4,7,10,,
2026-07-11,Oracle Cloud,A10,2.0,5,7,11,2.0,
2026-07-12,Oracle Cloud,A10,2.0,6,7,12,2.0,2.0
2026-07-10,Sesterce,A10,1.419,4,7,10,,
2026-07-11,Sesterce,A10,1.419,5,7,11,1.419,
2026-07-12,Sesterce,A10,1.419,6,7,12,1.419,1.419
2026-07-10,Vast.ai,A10,0.2696,4,7,10,,
2026-07-11,Vast.ai,A10,0.2696,5,7,11,0.2696,
2026-07-12,Vast.ai,A10,0.2696,6,7,12,0.2696,0.2696
2026-07-10,AtmosCompute,A100 PCIE,2.51,4,7,10,,
2026-07-11,AtmosCompute,A100 PCIE,2.51,5,7,11,2.51,
2026-07-12,AtmosCompute,A100 PCIE,2.51,6,7,12,2.51,2.51
2026-07-10,Civo,A100 PCIE,0.89,4,7,10,,
2026-07-11,Civo,A100 PCIE,0.89,5,7,11,0.89,
2026-07-12,Civo,A100 PCIE,0.89,6,7,12,0.89,0.89
2026-07-10,Crusoe,A100 PCIE,2.0,4,7,10,,
2026-07-11,Crusoe,A100 PCIE,2.0,5,7,11,2.0,
2026-07-12,Crusoe,A100 PCIE,2.0,6,7,12,2.0,2.0
2026-07-10,Cudo Compute,A100 PCIE,1.5,4,7,10,,
2026-07-11,Cudo Compute,A100 PCIE,1.5,5,7,11,1.5,
2026-07-12,Cudo Compute,A100 PCIE,1.5,6,7,12,1.5,1.5
2026-07-10,Denvr Dataworks,A100 PCIE,1.15,4,7,10,,
2026-07-11,Denvr Dataworks,A100 PCIE,1.15,5,7,11,1.15,
2026-07-12,Denvr Dataworks,A100 PCIE,1.15,6,7,12,1.15,1.15
2026-07-10,Hyperstack,A100 PCIE,1.35,4,7,10,,
2026-07-11,Hyperstack,A100 PCIE,1.35,5,7,11,1.35,
2026-07-12,Hyperstack,A100 PCIE,1.35,6,7,12,1.35,1.35
2026-07-10,IO.NET,A100 PCIE,1.786,4,7,10,,
2026-07-11,IO.NET,A100 PCIE,1.786,5,7,11,1.786,
2026-07-12,IO.NET,A100 PCIE,2.079,6,7,12,1.786,1.786
2026-07-10,Jarvis Labs,A100 PCIE,0.89,4,7,10,,
2026-07-11,Jarvis Labs,A100 PCIE,0.89,5,7,11,0.89,
2026-07-12,Jarvis Labs,A100 PCIE,0.89,6,7,12,0.89,0.89
2026-07-10,RunPod,A100 PCIE,1.19,4,7,10,,
2026-07-11,RunPod,A100 PCIE,1.19,5,7,11,1.19,
2026-07-12,RunPod,A100 PCIE,1.19,6,7,12,1.19,1.19
2026-07-10,TensorDock,A100 PCIE,0.6,4,7,10,,
2026-07-10,Vast.ai,A100 PCIE,0.5756,4,7,10,,
2026-07-11,Vast.ai,A100 PCIE,0.5756,5,7,11,0.5756,
2026-07-10,Verda,A100 PCIE,0.87075,4,7,10,,
2026-07-11,Verda,A100 PCIE,0.87075,5,7,11,0.87075,
2026-07-12,Verda,A100 PCIE,0.87075,6,7,12,0.87075,0.87075
2026-07-10,1Legion,A100 SXM,0.835,4,7,10,,
2026-07-11,1Legion,A100 SXM,0.835,5,7,11,0.835,
2026-07-12,1Legion,A100 SXM,0.835,6,7,12,0.835,0.835
2026-07-10,AceCloud,A100 SXM,1.8131,4,7,10,,
2026-07-11,AceCloud,A100 SXM,1.8131,5,7,11,1.8131,
2026-07-12,AceCloud,A100 SXM,1.8131,6,7,12,1.8131,1.8131
2026-07-10,Amazon AWS,A100 SXM,2.7447,4,7,10,,
2026-07-11,Amazon AWS,A100 SXM,2.7447,5,7,11,2.7447,
2026-07-12,Amazon AWS,A100 SXM,2.7447,6,7,12,2.7447,2.7447
2026-07-10,AtmosCompute,A100 SXM,3.73,4,7,10,,
2026-07-11,AtmosCompute,A100 SXM,3.73,5,7,11,3.73,
2026-07-12,AtmosCompute,A100 SXM,3.73,6,7,12,3.73,3.73
2026-07-10,Beam,A100 SXM,1.3,4,7,10,,
2026-07-11,Beam,A100 SXM,1.3,5,7,11,1.3,
2026-07-12,Beam,A100 SXM,1.3,6,7,12,1.3,1.3
2026-07-10,Civo,A100 SXM,1.03,4,7,10,,
2026-07-11,Civo,A100 SXM,1.03,5,7,11,1.03,
2026-07-12,Civo,A100 SXM,1.03,6,7,12,1.03,1.03
2026-07-10,CoreWeave,A100 SXM,2.7,4,7,10,,
2026-07-11,CoreWeave,A100 SXM,2.7,5,7,11,2.7,
2026-07-12,CoreWeave,A100 SXM,2.7,6,7,12,2.7,2.7
2026-07-10,Crusoe,A100 SXM,1.5,4,7,10,,
2026-07-11,Crusoe,A100 SXM,1.6375,5,7,11,1.5,
2026-07-12,Crusoe,A100 SXM,1.5,6,7,12,1.6375,1.5
2026-07-10,Deep Infra,A100 SXM,0.89,4,7,10,,
2026-07-11,Deep Infra,A100 SXM,0.89,5,7,11,0.89,
2026-07-12,Deep Infra,A100 SXM,0.89,6,7,12,0.89,0.89
2026-07-10,Denvr Dataworks,A100 SXM,0.865,4,7,10,,
2026-07-11,Denvr Dataworks,A100 SXM,0.865,5,7,11,0.865,
2026-07-12,Denvr Dataworks,A100 SXM,0.865,6,7,12,0.865,0.865
2026-07-10,Hyperstack,A100 SXM,1.3625,4,7,10,,
2026-07-11,Hyperstack,A100 SXM,1.3625,5,7,11,1.3625,
2026-07-12,Hyperstack,A100 SXM,1.3625,6,7,12,1.3625,1.3625
2026-07-10,IO.NET,A100 SXM,1.7444,4,7,10,,
2026-07-11,IO.NET,A100 SXM,1.7984,5,7,11,1.7444,
2026-07-12,IO.NET,A100 SXM,1.7984,6,7,12,1.7984,1.7444
2026-07-10,Jarvis Labs,A100 SXM,1.49,4,7,10,,
2026-07-11,Jarvis Labs,A100 SXM,1.49,5,7,11,1.49,
2026-07-12,Jarvis Labs,A100 SXM,1.49,6,7,12,1.49,1.49
2026-07-10,Koyeb,A100 SXM,2.0,4,7,10,,
2026-07-11,Koyeb,A100 SXM,2.0,5,7,11,2.0,
2026-07-12,Koyeb,A100 SXM,2.0,6,7,12,2.0,2.0
2026-07-10,Lambda Labs,A100 SXM,2.05666667,4,7,10,,
2026-07-11,Lambda Labs,A100 SXM,1.99,5,7,11,2.05666667,
2026-07-12,Lambda Labs,A100 SXM,1.99,6,7,12,1.99,2.05666667
2026-07-10,Massed Compute,A100 SXM,1.3365,4,7,10,,
2026-07-11,Massed Compute,A100 SXM,1.3405,5,7,11,1.3365,
2026-07-12,Massed Compute,A100 SXM,1.3405,6,7,12,1.3405,1.3365
2026-07-10,Microsoft Azure,A100 SXM,2.35646875,4,7,10,,
2026-07-11,Microsoft Azure,A100 SXM,2.35646875,5,7,11,2.35646875,
2026-07-12,Microsoft Azure,A100 SXM,2.35646875,6,7,12,2.35646875,2.35646875
2026-07-10,Modal,A100 SXM,2.0988,4,7,10,,
2026-07-11,Modal,A100 SXM,2.0988,5,7,11,2.0988,
2026-07-12,Modal,A100 SXM,2.0988,6,7,12,2.0988,2.0988
2026-07-10,Oblivus,A100 SXM,1.47,4,7,10,,
2026-07-11,Oblivus,A100 SXM,1.47,5,7,11,1.47,
2026-07-12,Oblivus,A100 SXM,1.47,6,7,12,1.47,1.47
2026-07-10,Oracle Cloud,A100 SXM,4.0,4,7,10,,
2026-07-11,Oracle Cloud,A100 SXM,4.0,5,7,11,4.0,
2026-07-12,Oracle Cloud,A100 SXM,4.0,6,7,12,4.0,4.0
2026-07-10,Packet AI,A100 SXM,1.43,4,7,10,,
2026-07-11,Packet AI,A100 SXM,1.43,5,7,11,1.43,
2026-07-12,Packet AI,A100 SXM,1.43,6,7,12,1.43,1.43
2026-07-10,Paperspace,A100 SXM,3.1525,4,7,10,,
2026-07-11,Paperspace,A100 SXM,3.15,5,7,11,3.1525,
2026-07-12,Paperspace,A100 SXM,3.15,6,7,12,3.15,3.1525
2026-07-10,RunPod,A100 SXM,1.30333333,4,7,10,,
2026-07-11,RunPod,A100 SXM,1.39,5,7,11,1.30333333,
2026-07-12,RunPod,A100 SXM,1.39,6,7,12,1.39,1.30333333
2026-07-10,Seeweb,A100 SXM,1.13003333,4,7,10,,
2026-07-11,Seeweb,A100 SXM,1.1316,5,7,11,1.13003333,
2026-07-12,Seeweb,A100 SXM,1.1316,6,7,12,1.1316,1.13003333
2026-07-10,Sesterce,A100 SXM,1.5455,4,7,10,,
2026-07-11,Sesterce,A100 SXM,1.5455,5,7,11,1.5455,
2026-07-12,Sesterce,A100 SXM,1.5455,6,7,12,1.5455,1.5455
2026-07-10,TensorDock,A100 SXM,1.2,4,7,10,,
2026-07-11,TensorDock,A100 SXM,1.2,5,7,11,1.2,
2026-07-10,Thunder Compute,A100 SXM,0.93,4,7,10,,
2026-07-11,Thunder Compute,A100 SXM,0.93,5,7,11,0.93,
2026-07-12,Thunder Compute,A100 SXM,0.93,6,7,12,0.93,0.93
2026-07-10,Together AI,A100 SXM,2.592,4,7,10,,
2026-07-11,Together AI,A100 SXM,2.592,5,7,11,2.592,
2026-07-12,Together AI,A100 SXM,2.592,6,7,12,2.592,2.592
2026-07-10,Verda,A100 SXM,1.20825,4,7,10,,
2026-07-11,Verda,A100 SXM,1.20825,5,7,11,1.20825,
2026-07-12,Verda,A100 SXM,1.20825,6,7,12,1.20825,1.20825
2026-07-10,Vultr,A100 SXM,1.945,4,7,10,,
2026-07-11,Vultr,A100 SXM,1.945,5,7,11,1.945,
2026-07-12,Vultr,A100 SXM,1.945,6,7,12,1.945,1.945
2026-07-10,Sesterce,A16,0.576,4,7,10,,
2026-07-11,Sesterce,A16,0.576,5,7,11,0.576,
2026-07-12,Sesterce,A16,0.576,6,7,12,0.576,0.576
2026-07-10,Vultr,A16,0.52364,4,7,10,,
2026-07-11,Vultr,A16,0.52364,5,7,11,0.52364,
2026-07-12,Vultr,A16,0.52364,6,7,12,0.52364,0.52364
2026-07-10,AceCloud,A2,0.2826,4,7,10,,
2026-07-11,AceCloud,A2,0.2826,5,7,11,0.2826,
2026-07-12,AceCloud,A2,0.2826,6,7,12,0.2826,0.2826
2026-07-10,AceCloud,A30,0.73325,4,7,10,,
2026-07-11,AceCloud,A30,0.73325,5,7,11,0.73325,
2026-07-12,AceCloud,A30,0.73325,6,7,12,0.73325,0.73325
2026-07-10,IO.NET,A30,1.89004286,4,7,10,,
2026-07-11,IO.NET,A30,1.78503333,5,7,11,1.89004286,
2026-07-12,IO.NET,A30,1.78503333,6,7,12,1.78503333,1.89004286
2026-07-10,Jarvis Labs,A30,0.41,4,7,10,,
2026-07-11,Jarvis Labs,A30,0.41,5,7,11,0.41,
2026-07-12,Jarvis Labs,A30,0.41,6,7,12,0.41,0.41
2026-07-10,Massed Compute,A30,0.35,4,7,10,,
2026-07-11,Massed Compute,A30,0.35,5,7,11,0.35,
2026-07-12,Massed Compute,A30,0.35,6,7,12,0.35,0.35
2026-07-10,Seeweb,A30,0.331,4,7,10,,
2026-07-11,Seeweb,A30,0.3315,5,7,11,0.331,
2026-07-12,Seeweb,A30,0.3315,6,7,12,0.3315,0.331
2026-07-10,Sesterce,A30,0.385,4,7,10,,
2026-07-11,Sesterce,A30,0.385,5,7,11,0.385,
2026-07-12,Sesterce,A30,0.385,6,7,12,0.385,0.385
2026-07-10,AtmosCompute,A40,1.1,4,7,10,,
2026-07-11,AtmosCompute,A40,1.1,5,7,11,1.1,
2026-07-12,AtmosCompute,A40,1.1,6,7,12,1.1,1.1
2026-07-10,Crusoe,A40,1.1,4,7,10,,
2026-07-11,Crusoe,A40,1.1,5,7,11,1.1,
2026-07-12,Crusoe,A40,1.1,6,7,12,1.1,1.1
2026-07-10,Denvr Dataworks,A40,0.65,4,7,10,,
2026-07-11,Denvr Dataworks,A40,0.65,5,7,11,0.65,
2026-07-12,Denvr Dataworks,A40,0.65,6,7,12,0.65,0.65
2026-07-10,IO.NET,A40,1.51595,4,7,10,,
2026-07-11,IO.NET,A40,1.51595,5,7,11,1.51595,
2026-07-12,IO.NET,A40,1.51595,6,7,12,1.51595,1.51595
2026-07-10,Sesterce,A40,1.21,4,7,10,,
2026-07-11,Sesterce,A40,1.21,5,7,11,1.21,
2026-07-12,Sesterce,A40,1.21,6,7,12,1.21,1.21
2026-07-10,TensorDock,A40,0.33,4,7,10,,
2026-07-11,TensorDock,A40,0.33,5,7,11,0.33,
2026-07-10,Vast.ai,A40,0.3215,4,7,10,,
2026-07-11,Vast.ai,A40,0.3215,5,7,11,0.3215,
2026-07-12,Vast.ai,A40,0.3215,6,7,12,0.3215,0.3215
2026-07-10,Vultr,A40,1.86,4,7,10,,
2026-07-11,Vultr,A40,1.86,5,7,11,1.86,
2026-07-12,Vultr,A40,1.86,6,7,12,1.86,1.86
2026-07-10,1Legion,B200,5.0,4,7,10,,
2026-07-11,1Legion,B200,5.0,5,7,11,5.0,
2026-07-12,1Legion,B200,5.0,6,7,12,5.0,5.0
2026-07-10,AtmosCompute,B200,10.87,4,7,10,,
2026-07-11,AtmosCompute,B200,10.87,5,7,11,10.87,
2026-07-12,AtmosCompute,B200,10.87,6,7,12,10.87,10.87
2026-07-10,Beyond.pl,B200,5.1,4,7,10,,
2026-07-11,Beyond.pl,B200,5.1,5,7,11,5.1,
2026-07-12,Beyond.pl,B200,5.1,6,7,12,5.1,5.1
2026-07-10,Civo,B200,4.19,4,7,10,,
2026-07-11,Civo,B200,4.19,5,7,11,4.19,
2026-07-12,Civo,B200,4.19,6,7,12,4.19,4.19
2026-07-10,CoreWeave,B200,8.6,4,7,10,,
2026-07-11,CoreWeave,B200,8.6,5,7,11,8.6,
2026-07-12,CoreWeave,B200,8.6,6,7,12,8.6,8.6
2026-07-10,Deep Infra,B200,3.24,4,7,10,,
2026-07-11,Deep Infra,B200,3.24,5,7,11,3.24,
2026-07-12,Deep Infra,B200,3.24,6,7,12,3.24,3.24
2026-07-10,GMI Cloud,B200,4.0,4,7,10,,
2026-07-11,GMI Cloud,B200,4.0,5,7,11,4.0,
2026-07-12,GMI Cloud,B200,4.0,6,7,12,4.0,4.0
2026-07-10,Genesis Cloud,B200,2.8,4,7,10,,
2026-07-11,Genesis Cloud,B200,2.8,5,7,11,2.8,
2026-07-12,Genesis Cloud,B200,2.8,6,7,12,2.8,2.8
2026-07-10,Hyperbolic,B200,3.5,4,7,10,,
2026-07-11,Hyperbolic,B200,3.5,5,7,11,3.5,
2026-07-12,Hyperbolic,B200,3.5,6,7,12,3.5,3.5
2026-07-10,Hyperstack,B200,6.0,4,7,10,,
2026-07-11,Hyperstack,B200,6.0,5,7,11,6.0,
2026-07-12,Hyperstack,B200,6.0,6,7,12,6.0,6.0
2026-07-10,Koyeb,B200,5.5,4,7,10,,
2026-07-11,Koyeb,B200,5.5,5,7,11,5.5,
2026-07-12,Koyeb,B200,5.5,6,7,12,5.5,5.5
2026-07-10,Lambda Labs,B200,6.84,4,7,10,,
2026-07-11,Lambda Labs,B200,6.84,5,7,11,6.84,
2026-07-12,Lambda Labs,B200,6.84,6,7,12,6.84,6.84
2026-07-10,Modal,B200,6.2496,4,7,10,,
2026-07-11,Modal,B200,6.2496,5,7,11,6.2496,
2026-07-12,Modal,B200,6.2496,6,7,12,6.2496,6.2496
2026-07-10,Nebius,B200,3.95,4,7,10,,
2026-07-11,Nebius,B200,3.95,5,7,11,3.95,
2026-07-12,Nebius,B200,3.95,6,7,12,3.95,3.95
2026-07-10,Oracle Cloud,B200,14.0,4,7,10,,
2026-07-11,Oracle Cloud,B200,14.0,5,7,11,14.0,
2026-07-12,Oracle Cloud,B200,14.0,6,7,12,14.0,14.0
2026-07-10,Packet AI,B200,3.75,4,7,10,,
2026-07-11,Packet AI,B200,3.75,5,7,11,3.75,
2026-07-12,Packet AI,B200,3.75,6,7,12,3.75,3.75
2026-07-10,RunPod,B200,5.98,4,7,10,,
2026-07-11,RunPod,B200,5.98,5,7,11,5.98,
2026-07-12,RunPod,B200,5.98,6,7,12,5.98,5.98
2026-07-10,Sesterce,B200,6.379325,4,7,10,,
2026-07-11,Sesterce,B200,6.379325,5,7,11,6.379325,
2026-07-12,Sesterce,B200,6.379325,6,7,12,6.379325,6.379325
2026-07-10,Together AI,B200,9.0,4,7,10,,
2026-07-11,Together AI,B200,9.0,5,7,11,9.0,
2026-07-12,Together AI,B200,9.0,6,7,12,9.0,9.0
2026-07-10,Verda,B200,4.12435,4,7,10,,
2026-07-11,Verda,B200,4.12435,5,7,11,4.12435,
2026-07-12,Verda,B200,4.12435,6,7,12,4.12435,4.12435
2026-07-10,Vultr,B200,3.5,4,7,10,,
2026-07-11,Vultr,B200,3.5,5,7,11,3.5,
2026-07-12,Vultr,B200,3.5,6,7,12,3.5,3.5
2026-07-10,fal.ai,B200,4.87,4,7,10,,
2026-07-11,fal.ai,B200,4.87,5,7,11,4.87,
2026-07-12,fal.ai,B200,4.87,6,7,12,4.87,4.87
2026-07-10,Denvr Dataworks,GAUDI 2,1.25,4,7,10,,
2026-07-11,Denvr Dataworks,GAUDI 2,1.25,5,7,11,1.25,
2026-07-12,Denvr Dataworks,GAUDI 2,1.25,6,7,12,1.25,1.25
2026-07-10,Sesterce,GAUDI 2,1.21,4,7,10,,
2026-07-11,Sesterce,GAUDI 2,1.21,5,7,11,1.21,
2026-07-12,Sesterce,GAUDI 2,1.21,6,7,12,1.21,1.21
2026-07-10,CoreWeave,GB200,10.5,4,7,10,,
2026-07-11,CoreWeave,GB200,10.5,5,7,11,10.5,
2026-07-12,CoreWeave,GB200,10.5,6,7,12,10.5,10.5
2026-07-10,GMI Cloud,GB200,8.0,4,7,10,,
2026-07-11,GMI Cloud,GB200,8.0,5,7,11,8.0,
2026-07-12,GMI Cloud,GB200,8.0,6,7,12,8.0,8.0
2026-07-10,Oracle Cloud,GB200,16.0,4,7,10,,
2026-07-11,Oracle Cloud,GB200,16.0,5,7,11,16.0,
2026-07-12,Oracle Cloud,GB200,16.0,6,7,12,16.0,16.0
2026-07-10,Oracle Cloud,GB300,18.0,4,7,10,,
2026-07-11,Oracle Cloud,GB300,18.0,5,7,11,18.0,
2026-07-12,Oracle Cloud,GB300,18.0,6,7,12,18.0,18.0
2026-07-10,Verda,GB300,5.81858333,4,7,10,,
2026-07-11,Verda,GB300,5.81858333,5,7,11,5.81858333,
2026-07-12,Verda,GB300,5.81858333,6,7,12,5.81858333,5.81858333
2026-07-10,CoreWeave,GH200,6.5,4,7,10,,
2026-07-11,CoreWeave,GH200,6.5,5,7,11,6.5,
2026-07-12,CoreWeave,GH200,6.5,6,7,12,6.5,6.5
2026-07-10,Denvr Dataworks,GH200,3.87,4,7,10,,
2026-07-11,Denvr Dataworks,GH200,3.87,5,7,11,3.87,
2026-07-12,Denvr Dataworks,GH200,3.87,6,7,12,3.87,3.87
2026-07-10,Lambda Labs,GH200,2.29,4,7,10,,
2026-07-11,Lambda Labs,GH200,2.29,5,7,11,2.29,
2026-07-12,Lambda Labs,GH200,2.29,6,7,12,2.29,2.29
2026-07-10,Latitude.sh,GH200,4.23,4,7,10,,
2026-07-11,Latitude.sh,GH200,4.23,5,7,11,4.23,
2026-07-12,Latitude.sh,GH200,4.23,6,7,12,4.23,4.23
2026-07-10,Sesterce,GH200,2.519,4,7,10,,
2026-07-11,Sesterce,GH200,2.519,5,7,11,2.519,
2026-07-12,Sesterce,GH200,2.519,6,7,12,2.519,2.519
2026-07-10,AtmosCompute,H100 NVL,4.98,4,7,10,,
2026-07-11,AtmosCompute,H100 NVL,4.98,5,7,11,4.98,
2026-07-12,AtmosCompute,H100 NVL,4.98,6,7,12,4.98,4.98
2026-07-10,Hyperstack,H100 NVL,2.6,4,7,10,,
2026-07-11,Hyperstack,H100 NVL,2.6,5,7,11,2.6,
2026-07-12,Hyperstack,H100 NVL,2.6,6,7,12,2.6,2.6
2026-07-10,Massed Compute,H100 NVL,3.1225,4,7,10,,
2026-07-11,Massed Compute,H100 NVL,3.11,5,7,11,3.1225,
2026-07-12,Massed Compute,H100 NVL,3.11,6,7,12,3.11,3.1225
2026-07-10,RunPod,H100 NVL,2.59,4,7,10,,
2026-07-11,RunPod,H100 NVL,2.59,5,7,11,2.59,
2026-07-12,RunPod,H100 NVL,2.59,6,7,12,2.59,2.59
2026-07-10,Sesterce,H100 NVL,3.476,4,7,10,,
2026-07-11,Sesterce,H100 NVL,3.476,5,7,11,3.476,
2026-07-12,Sesterce,H100 NVL,3.476,6,7,12,3.476,3.476
2026-07-10,Beam,H100 PCIE,1.74,4,7,10,,
2026-07-11,Beam,H100 PCIE,1.74,5,7,11,1.74,
2026-07-12,Beam,H100 PCIE,1.74,6,7,12,1.74,1.74
2026-07-10,Civo,H100 PCIE,2.21,4,7,10,,
2026-07-11,Civo,H100 PCIE,2.21,5,7,11,2.21,
2026-07-12,Civo,H100 PCIE,2.21,6,7,12,2.21,2.21
2026-07-10,Hyperstack,H100 PCIE,2.5,4,7,10,,
2026-07-11,Hyperstack,H100 PCIE,2.5,5,7,11,2.5,
2026-07-12,Hyperstack,H100 PCIE,2.5,6,7,12,2.5,2.5
2026-07-10,RunPod,H100 PCIE,1.99,4,7,10,,
2026-07-11,RunPod,H100 PCIE,1.99,5,7,11,1.99,
2026-07-12,RunPod,H100 PCIE,1.99,6,7,12,1.99,1.99
2026-07-10,Thunder Compute,H100 PCIE,2.19,4,7,10,,
2026-07-11,Thunder Compute,H100 PCIE,2.19,5,7,11,2.19,
2026-07-12,Thunder Compute,H100 PCIE,2.19,6,7,12,2.19,2.19
2026-07-10,1Legion,H100 SXM,1.865,4,7,10,,
2026-07-11,1Legion,H100 SXM,1.865,5,7,11,1.865,
2026-07-12,1Legion,H100 SXM,1.865,6,7,12,1.865,1.865
2026-07-10,AceCloud,H100 SXM,3.6261,4,7,10,,
2026-07-11,AceCloud,H100 SXM,3.6261,5,7,11,3.6261,
2026-07-12,AceCloud,H100 SXM,3.6261,6,7,12,3.6261,3.6261
2026-07-10,Amazon AWS,H100 SXM,6.88,4,7,10,,
2026-07-11,Amazon AWS,H100 SXM,6.88,5,7,11,6.88,
2026-07-12,Amazon AWS,H100 SXM,6.88,6,7,12,6.88,6.88
2026-07-10,Atlas Cloud,H100 SXM,2.95,4,7,10,,
2026-07-11,Atlas Cloud,H100 SXM,2.95,5,7,11,2.95,
2026-07-12,Atlas Cloud,H100 SXM,2.95,6,7,12,2.95,2.95
2026-07-10,AtmosCompute,H100 SXM,5.67,4,7,10,,
2026-07-11,AtmosCompute,H100 SXM,5.67,5,7,11,5.67,
2026-07-12,AtmosCompute,H100 SXM,5.67,6,7,12,5.67,5.67
2026-07-10,Civo,H100 SXM,2.71,4,7,10,,
2026-07-11,Civo,H100 SXM,2.71,5,7,11,2.71,
2026-07-12,Civo,H100 SXM,2.71,6,7,12,2.71,2.71
2026-07-10,CoreWeave,H100 SXM,4.2969,4,7,10,,
2026-07-11,CoreWeave,H100 SXM,4.2969,5,7,11,4.2969,
2026-07-12,CoreWeave,H100 SXM,4.2969,6,7,12,4.2969,4.2969
2026-07-10,Crusoe,H100 SXM,3.9,4,7,10,,
2026-07-11,Crusoe,H100 SXM,3.9,5,7,11,3.9,
2026-07-12,Crusoe,H100 SXM,3.9,6,7,12,3.9,3.9
2026-07-10,Cudo Compute,H100 SXM,1.79,4,7,10,,
2026-07-11,Cudo Compute,H100 SXM,1.79,5,7,11,1.79,
2026-07-12,Cudo Compute,H100 SXM,1.79,6,7,12,1.79,1.79
2026-07-10,Deep Infra,H100 SXM,1.79,4,7,10,,
2026-07-11,Deep Infra,H100 SXM,1.79,5,7,11,1.79,
2026-07-12,Deep Infra,H100 SXM,1.79,6,7,12,1.79,1.79
2026-07-10,Denvr Dataworks,H100 SXM,2.3,4,7,10,,
2026-07-11,Denvr Dataworks,H100 SXM,2.3,5,7,11,2.3,
2026-07-12,Denvr Dataworks,H100 SXM,2.3,6,7,12,2.3,2.3
2026-07-10,DigitalOcean,H100 SXM,3.19,4,7,10,,
2026-07-11,DigitalOcean,H100 SXM,3.19,5,7,11,3.19,
2026-07-12,DigitalOcean,H100 SXM,3.19,6,7,12,3.19,3.19
2026-07-10,GMI Cloud,H100 SXM,2.0,4,7,10,,
2026-07-11,GMI Cloud,H100 SXM,2.0,5,7,11,2.0,
2026-07-12,GMI Cloud,H100 SXM,2.0,6,7,12,2.0,2.0
2026-07-10,Genesis Cloud,H100 SXM,1.6,4,7,10,,
2026-07-11,Genesis Cloud,H100 SXM,1.6,5,7,11,1.6,
2026-07-12,Genesis Cloud,H100 SXM,1.6,6,7,12,1.6,1.6
2026-07-10,Hyperbolic,H100 SXM,1.5,4,7,10,,
2026-07-11,Hyperbolic,H100 SXM,1.5,5,7,11,1.5,
2026-07-12,Hyperbolic,H100 SXM,1.5,6,7,12,1.5,1.5
2026-07-10,Hyperstack,H100 SXM,2.225,4,7,10,,
2026-07-11,Hyperstack,H100 SXM,2.225,5,7,11,2.225,
2026-07-12,Hyperstack,H100 SXM,2.225,6,7,12,2.225,2.225
2026-07-10,IO.NET,H100 SXM,2.79535833,4,7,10,,
2026-07-11,IO.NET,H100 SXM,2.737875,5,7,11,2.79535833,
2026-07-12,IO.NET,H100 SXM,2.737875,6,7,12,2.737875,2.79535833
2026-07-10,Jarvis Labs,H100 SXM,2.69,4,7,10,,
2026-07-11,Jarvis Labs,H100 SXM,2.69,5,7,11,2.69,
2026-07-12,Jarvis Labs,H100 SXM,2.69,6,7,12,2.69,2.69
2026-07-10,Koyeb,H100 SXM,3.125,4,7,10,,
2026-07-11,Koyeb,H100 SXM,3.125,5,7,11,3.125,
2026-07-12,Koyeb,H100 SXM,3.125,6,7,12,3.125,3.125
2026-07-10,Lambda Labs,H100 SXM,3.97333333,4,7,10,,
2026-07-11,Lambda Labs,H100 SXM,3.89,5,7,11,3.97333333,
2026-07-12,Lambda Labs,H100 SXM,3.89,6,7,12,3.89,3.97333333
2026-07-10,Latitude.sh,H100 SXM,1.89833333,4,7,10,,
2026-07-11,Latitude.sh,H100 SXM,1.89833333,5,7,11,1.89833333,
2026-07-12,Latitude.sh,H100 SXM,1.905,6,7,12,1.89833333,1.89833333
2026-07-10,Massed Compute,H100 SXM,2.64114583,4,7,10,,
2026-07-11,Massed Compute,H100 SXM,2.64125,5,7,11,2.64114583,
2026-07-12,Massed Compute,H100 SXM,2.64125,6,7,12,2.64125,2.64114583
2026-07-10,Microsoft Azure,H100 SXM,5.15526,4,7,10,,
2026-07-11,Microsoft Azure,H100 SXM,5.15526,5,7,11,5.15526,
2026-07-12,Microsoft Azure,H100 SXM,5.15526,6,7,12,5.15526,5.15526
2026-07-10,Modal,H100 SXM,3.9492,4,7,10,,
2026-07-11,Modal,H100 SXM,3.9492,5,7,11,3.9492,
2026-07-12,Modal,H100 SXM,3.9492,6,7,12,3.9492,3.9492
2026-07-10,Nebius,H100 SXM,3.92315,4,7,10,,
2026-07-11,Nebius,H100 SXM,3.92315,5,7,11,3.92315,
2026-07-12,Nebius,H100 SXM,3.00815,6,7,12,3.92315,3.92315
2026-07-10,Oblivus,H100 SXM,3.5,4,7,10,,
2026-07-11,Oblivus,H100 SXM,3.5,5,7,11,3.5,
2026-07-12,Oblivus,H100 SXM,3.5,6,7,12,3.5,3.5
2026-07-10,Oracle Cloud,H100 SXM,10.0,4,7,10,,
2026-07-11,Oracle Cloud,H100 SXM,10.0,5,7,11,10.0,
2026-07-12,Oracle Cloud,H100 SXM,10.0,6,7,12,10.0,10.0
2026-07-10,Paperspace,H100 SXM,5.95666667,4,7,10,,
2026-07-11,Paperspace,H100 SXM,5.95,5,7,11,5.95666667,
2026-07-12,Paperspace,H100 SXM,5.95,6,7,12,5.95,5.95666667
2026-07-10,RunPod,H100 SXM,2.69,4,7,10,,
2026-07-11,RunPod,H100 SXM,2.69,5,7,11,2.69,
2026-07-12,RunPod,H100 SXM,2.69,6,7,12,2.69,2.69
2026-07-10,Scaleway,H100 SXM,3.57710833,4,7,10,,
2026-07-11,Scaleway,H100 SXM,3.4671,5,7,11,3.57710833,
2026-07-12,Scaleway,H100 SXM,3.4671,6,7,12,3.4671,3.57710833
2026-07-10,Seeweb,H100 SXM,2.15733333,4,7,10,,
2026-07-11,Seeweb,H100 SXM,2.1603,5,7,11,2.15733333,
2026-07-12,Seeweb,H100 SXM,2.1603,6,7,12,2.1603,2.15733333
2026-07-10,Sesterce,H100 SXM,1.99445,4,7,10,,
2026-07-11,Sesterce,H100 SXM,2.04395,5,7,11,1.99445,
2026-07-12,Sesterce,H100 SXM,2.04395,6,7,12,2.04395,1.99445
2026-07-10,TensorDock,H100 SXM,1.99,4,7,10,,
2026-07-10,Thunder Compute,H100 SXM,1.995,4,7,10,,
2026-07-11,Thunder Compute,H100 SXM,1.995,5,7,11,1.995,
2026-07-12,Thunder Compute,H100 SXM,1.995,6,7,12,1.995,1.995
2026-07-10,Together AI,H100 SXM,5.4,4,7,10,,
2026-07-11,Together AI,H100 SXM,5.4,5,7,11,5.4,
2026-07-12,Together AI,H100 SXM,5.4,6,7,12,5.4,5.4
2026-07-10,Verda,H100 SXM,2.1938125,4,7,10,,
2026-07-11,Verda,H100 SXM,2.1938125,5,7,11,2.1938125,
2026-07-12,Verda,H100 SXM,2.1938125,6,7,12,2.1938125,2.1938125
2026-07-10,Voltage Park,H100 SXM,1.99,4,7,10,,
2026-07-11,Voltage Park,H100 SXM,1.99,5,7,11,1.99,
2026-07-12,Voltage Park,H100 SXM,1.99,6,7,12,1.99,1.99
2026-07-10,Vultr,H100 SXM,2.3,4,7,10,,
2026-07-11,Vultr,H100 SXM,2.3,5,7,11,2.3,
2026-07-12,Vultr,H100 SXM,2.3,6,7,12,2.3,2.3
2026-07-10,Zettabyte,H100 SXM,2.355,4,7,10,,
2026-07-11,Zettabyte,H100 SXM,2.355,5,7,11,2.355,
2026-07-12,Zettabyte,H100 SXM,2.355,6,7,12,2.355,2.355
2026-07-10,fal.ai,H100 SXM,1.89,4,7,10,,
2026-07-11,fal.ai,H100 SXM,1.89,5,7,11,1.89,
2026-07-12,fal.ai,H100 SXM,1.89,6,7,12,1.89,1.89
2026-07-10,1Legion,H200,2.425,4,7,10,,
2026-07-11,1Legion,H200,2.425,5,7,11,2.425,
2026-07-12,1Legion,H200,2.425,6,7,12,2.425,2.425
2026-07-10,AceCloud,H200,4.2268,4,7,10,,
2026-07-11,AceCloud,H200,4.2268,5,7,11,4.2268,
2026-07-12,AceCloud,H200,4.2268,6,7,12,4.2268,4.2268
2026-07-10,Amazon AWS,H200,7.912,4,7,10,,
2026-07-11,Amazon AWS,H200,7.912,5,7,11,7.912,
2026-07-12,Amazon AWS,H200,7.912,6,7,12,7.912,7.912
2026-07-10,Atlas Cloud,H200,3.5,4,7,10,,
2026-07-11,Atlas Cloud,H200,3.5,5,7,11,3.5,
2026-07-12,Atlas Cloud,H200,3.5,6,7,12,3.5,3.5
2026-07-10,AtmosCompute,H200,7.58,4,7,10,,
2026-07-11,AtmosCompute,H200,7.58,5,7,11,7.58,
2026-07-12,AtmosCompute,H200,7.58,6,7,12,7.58,7.58
2026-07-11,Beam,H200,4.09,5,7,11,,
2026-07-12,Beam,H200,4.09,6,7,12,4.09,
2026-07-10,Civo,H200,3.21,4,7,10,,
2026-07-11,Civo,H200,3.21,5,7,11,3.21,
2026-07-12,Civo,H200,3.21,6,7,12,3.21,3.21
2026-07-10,CoreWeave,H200,6.305,4,7,10,,
2026-07-11,CoreWeave,H200,6.305,5,7,11,6.305,
2026-07-12,CoreWeave,H200,6.305,6,7,12,6.305,6.305
2026-07-10,Crusoe,H200,4.29,4,7,10,,
2026-07-11,Crusoe,H200,4.29,5,7,11,4.29,
2026-07-12,Crusoe,H200,4.29,6,7,12,4.29,4.29
2026-07-10,Deep Infra,H200,2.19,4,7,10,,
2026-07-11,Deep Infra,H200,2.19,5,7,11,2.19,
2026-07-12,Deep Infra,H200,2.19,6,7,12,2.19,2.19
2026-07-10,Denvr Dataworks,H200,3.87,4,7,10,,
2026-07-11,Denvr Dataworks,H200,3.87,5,7,11,3.87,
2026-07-12,Denvr Dataworks,H200,3.87,6,7,12,3.87,3.87
2026-07-10,DigitalOcean,H200,3.44,4,7,10,,
2026-07-11,DigitalOcean,H200,3.44,5,7,11,3.44,
2026-07-12,DigitalOcean,H200,3.44,6,7,12,3.44,3.44
2026-07-10,GMI Cloud,H200,2.6,4,7,10,,
2026-07-11,GMI Cloud,H200,2.6,5,7,11,2.6,
2026-07-12,GMI Cloud,H200,2.6,6,7,12,2.6,2.6
2026-07-10,Genesis Cloud,H200,2.8,4,7,10,,
2026-07-11,Genesis Cloud,H200,2.8,5,7,11,2.8,
2026-07-12,Genesis Cloud,H200,2.8,6,7,12,2.8,2.8
2026-07-10,Hyperbolic,H200,2.4,4,7,10,,
2026-07-11,Hyperbolic,H200,2.4,5,7,11,2.4,
2026-07-12,Hyperbolic,H200,2.4,6,7,12,2.4,2.4
2026-07-10,Hyperstack,H200,3.99,4,7,10,,
2026-07-11,Hyperstack,H200,3.99,5,7,11,3.99,
2026-07-12,Hyperstack,H200,3.99,6,7,12,3.99,3.99
2026-07-10,IO.NET,H200,3.91085,4,7,10,,
2026-07-11,IO.NET,H200,3.91085,5,7,11,3.91085,
2026-07-12,IO.NET,H200,3.91085,6,7,12,3.91085,3.91085
2026-07-10,Jarvis Labs,H200,3.8,4,7,10,,
2026-07-11,Jarvis Labs,H200,3.8,5,7,11,3.8,
2026-07-12,Jarvis Labs,H200,3.8,6,7,12,3.8,3.8
2026-07-10,Koyeb,H200,3.0,4,7,10,,
2026-07-11,Koyeb,H200,3.0,5,7,11,3.0,
2026-07-12,Koyeb,H200,3.0,6,7,12,3.0,3.0
2026-07-10,Massed Compute,H200,3.62583333,4,7,10,,
2026-07-11,Massed Compute,H200,3.62583333,5,7,11,3.62583333,
2026-07-12,Massed Compute,H200,3.62583333,6,7,12,3.62583333,3.62583333
2026-07-10,Modal,H200,4.5396,4,7,10,,
2026-07-11,Modal,H200,4.5396,5,7,11,4.5396,
2026-07-12,Modal,H200,4.5396,6,7,12,4.5396,4.5396
2026-07-10,Nebius,H200,4.57315,4,7,10,,
2026-07-11,Nebius,H200,4.57315,5,7,11,4.57315,
2026-07-12,Nebius,H200,3.48315,6,7,12,4.57315,4.57315
2026-07-10,Oblivus,H200,3.99,4,7,10,,
2026-07-11,Oblivus,H200,3.99,5,7,11,3.99,
2026-07-12,Oblivus,H200,3.99,6,7,12,3.99,3.99
2026-07-10,Oracle Cloud,H200,10.0,4,7,10,,
2026-07-11,Oracle Cloud,H200,10.0,5,7,11,10.0,
2026-07-12,Oracle Cloud,H200,10.0,6,7,12,10.0,10.0
2026-07-10,RunPod,H200,3.59,4,7,10,,
2026-07-11,RunPod,H200,3.59,5,7,11,3.59,
2026-07-12,RunPod,H200,3.59,6,7,12,3.59,3.59
2026-07-10,Seeweb,H200,2.9677,4,7,10,,
2026-07-11,Seeweb,H200,2.9718,5,7,11,2.9677,
2026-07-12,Seeweb,H200,2.9718,6,7,12,2.9718,2.9677
2026-07-10,Sesterce,H200,3.99025,4,7,10,,
2026-07-11,Sesterce,H200,3.99025,5,7,11,3.99025,
2026-07-12,Sesterce,H200,3.99025,6,7,12,3.99025,3.99025
2026-07-10,Theta EdgeCloud,H200,2.49,4,7,10,,
2026-07-11,Theta EdgeCloud,H200,2.49,5,7,11,2.49,
2026-07-12,Theta EdgeCloud,H200,2.49,6,7,12,2.49,2.49
2026-07-10,Together AI,H200,6.6,4,7,10,,
2026-07-11,Together AI,H200,6.6,5,7,11,6.6,
2026-07-12,Together AI,H200,6.6,6,7,12,6.6,6.6
2026-07-10,Verda,H200,2.7,4,7,10,,
2026-07-11,Verda,H200,2.7,5,7,11,2.7,
2026-07-12,Verda,H200,2.7,6,7,12,2.7,2.7
2026-07-10,fal.ai,H200,2.1,4,7,10,,
2026-07-11,fal.ai,H200,2.1,5,7,11,2.1,
2026-07-12,fal.ai,H200,2.1,6,7,12,2.1,2.1
2026-07-10,1Legion,HGX B300,5.5,4,7,10,,
2026-07-11,1Legion,HGX B300,5.5,5,7,11,5.5,
2026-07-12,1Legion,HGX B300,5.5,6,7,12,5.5,5.5
2026-07-10,CoreWeave,HGX B300,4.48,4,7,10,,
2026-07-11,CoreWeave,HGX B300,4.48,5,7,11,4.48,
2026-07-12,CoreWeave,HGX B300,4.48,6,7,12,4.48,4.48
2026-07-10,Deep Infra,HGX B300,4.2,4,7,10,,
2026-07-11,Deep Infra,HGX B300,4.2,5,7,11,4.2,
2026-07-12,Deep Infra,HGX B300,4.2,6,7,12,4.2,4.2
2026-07-10,IO.NET,HGX B300,7.9829,4,7,10,,
2026-07-11,IO.NET,HGX B300,7.9829,5,7,11,7.9829,
2026-07-12,IO.NET,HGX B300,7.9829,6,7,12,7.9829,7.9829
2026-07-10,Modal,HGX B300,7.0992,4,7,10,,
2026-07-11,Modal,HGX B300,7.0992,5,7,11,7.0992,
2026-07-12,Modal,HGX B300,7.0992,6,7,12,7.0992,7.0992
2026-07-10,Nebius,HGX B300,4.3,4,7,10,,
2026-07-11,Nebius,HGX B300,4.3,5,7,11,4.3,
2026-07-12,Nebius,HGX B300,4.3,6,7,12,4.3,4.3
2026-07-10,Oracle Cloud,HGX B300,15.0,4,7,10,,
2026-07-11,Oracle Cloud,HGX B300,15.0,5,7,11,15.0,
2026-07-12,Oracle Cloud,HGX B300,15.0,6,7,12,15.0,15.0
2026-07-10,RunPod,HGX B300,6.94,4,7,10,,
2026-07-11,RunPod,HGX B300,6.94,5,7,11,6.94,
2026-07-12,RunPod,HGX B300,6.94,6,7,12,6.94,6.94
2026-07-10,Scaleway,HGX B300,9.70218889,4,7,10,,
2026-07-11,Scaleway,HGX B300,9.8605,5,7,11,9.70218889,
2026-07-12,Scaleway,HGX B300,9.8605,6,7,12,9.8605,9.70218889
2026-07-10,Sesterce,HGX B300,8.61645,4,7,10,,
2026-07-11,Sesterce,HGX B300,8.61645,5,7,11,8.61645,
2026-07-12,Sesterce,HGX B300,8.61645,6,7,12,8.61645,8.61645
2026-07-10,Verda,HGX B300,5.0625,4,7,10,,
2026-07-11,Verda,HGX B300,5.0625,5,7,11,5.0625,
2026-07-12,Verda,HGX B300,5.0625,6,7,12,5.0625,5.0625
2026-07-10,fal.ai,HGX B300,6.495,4,7,10,,
2026-07-11,fal.ai,HGX B300,6.495,5,7,11,6.495,
2026-07-12,fal.ai,HGX B300,6.495,6,7,12,6.495,6.495
2026-07-10,AceCloud,L4,0.73053333,4,7,10,,
2026-07-11,AceCloud,L4,0.73053333,5,7,11,0.73053333,
2026-07-12,AceCloud,L4,0.73053333,6,7,12,0.73053333,0.73053333
2026-07-10,Amazon AWS,L4,1.208,4,7,10,,
2026-07-11,Amazon AWS,L4,1.208,5,7,11,1.208,
2026-07-12,Amazon AWS,L4,1.208,6,7,12,1.208,1.208
2026-07-10,AtmosCompute,L4,0.98,4,7,10,,
2026-07-11,AtmosCompute,L4,0.98,5,7,11,0.98,
2026-07-12,AtmosCompute,L4,0.98,6,7,12,0.98,0.98
2026-07-10,IO.NET,L4,0.798,4,7,10,,
2026-07-11,IO.NET,L4,0.798,5,7,11,0.798,
2026-07-12,IO.NET,L4,0.798,6,7,12,0.798,0.798
2026-07-10,Jarvis Labs,L4,0.44,4,7,10,,
2026-07-11,Jarvis Labs,L4,0.44,5,7,11,0.44,
2026-07-12,Jarvis Labs,L4,0.44,6,7,12,0.44,0.44
2026-07-10,Koyeb,L4,0.7,4,7,10,,
2026-07-11,Koyeb,L4,0.7,5,7,11,0.7,
2026-07-12,Koyeb,L4,0.7,6,7,12,0.7,0.7
2026-07-10,Modal,L4,0.7992,4,7,10,,
2026-07-11,Modal,L4,0.7992,5,7,11,0.7992,
2026-07-12,Modal,L4,0.7992,6,7,12,0.7992,0.7992
2026-07-10,Scaleway,L4,0.8989,4,7,10,,
2026-07-11,Scaleway,L4,0.95,5,7,11,0.8989,
2026-07-12,Scaleway,L4,0.95,6,7,12,0.95,0.8989
2026-07-10,Seeweb,L4,0.43376667,4,7,10,,
2026-07-11,Seeweb,L4,0.4343,5,7,11,0.43376667,
2026-07-12,Seeweb,L4,0.4343,6,7,12,0.4343,0.43376667
2026-07-10,Sesterce,L4,1.045,4,7,10,,
2026-07-11,Sesterce,L4,1.045,5,7,11,1.045,
2026-07-12,Sesterce,L4,1.045,6,7,12,1.045,1.045
2026-07-10,TensorDock,L4,0.225,4,7,10,,
2026-07-11,TensorDock,L4,0.225,5,7,11,0.225,
2026-07-10,Vast.ai,L4,0.3356,4,7,10,,
2026-07-11,Vast.ai,L4,0.3356,5,7,11,0.3356,
2026-07-12,Vast.ai,L4,0.3356,6,7,12,0.3356,0.3356
2026-07-10,AtmosCompute,L40,1.44,4,7,10,,
2026-07-11,AtmosCompute,L40,1.44,5,7,11,1.44,
2026-07-12,AtmosCompute,L40,1.44,6,7,12,1.44,1.44
2026-07-10,CoreWeave,L40,1.25,4,7,10,,
2026-07-11,CoreWeave,L40,1.25,5,7,11,1.25,
2026-07-12,CoreWeave,L40,1.25,6,7,12,1.25,1.25
2026-07-10,Hyperstack,L40,1.0,4,7,10,,
2026-07-11,Hyperstack,L40,1.0,5,7,11,1.0,
2026-07-12,Hyperstack,L40,1.0,6,7,12,1.0,1.0
2026-07-10,IO.NET,L40,0.6615,4,7,10,,
2026-07-11,IO.NET,L40,0.6615,5,7,11,0.6615,
2026-07-12,IO.NET,L40,0.6615,6,7,12,0.6615,0.6615
2026-07-10,Massed Compute,L40,0.86125,4,7,10,,
2026-07-11,Massed Compute,L40,0.81791667,5,7,11,0.86125,
2026-07-12,Massed Compute,L40,0.81791667,6,7,12,0.81791667,0.86125
2026-07-10,Oblivus,L40,1.05,4,7,10,,
2026-07-11,Oblivus,L40,1.05,5,7,11,1.05,
2026-07-12,Oblivus,L40,1.05,6,7,12,1.05,1.05
2026-07-10,RunPod,L40,0.69,4,7,10,,
2026-07-11,RunPod,L40,0.69,5,7,11,0.69,
2026-07-12,RunPod,L40,0.69,6,7,12,0.69,0.69
2026-07-10,Sesterce,L40,1.06425,4,7,10,,
2026-07-11,Sesterce,L40,1.06425,5,7,11,1.06425,
2026-07-12,Sesterce,L40,1.06425,6,7,12,1.06425,1.06425
2026-07-10,Thunder Compute,L40,0.79,4,7,10,,
2026-07-11,Thunder Compute,L40,0.79,5,7,11,0.79,
2026-07-12,Thunder Compute,L40,0.79,6,7,12,0.79,0.79
2026-07-10,Together AI,L40,1.488,4,7,10,,
2026-07-11,Together AI,L40,1.488,5,7,11,1.488,
2026-07-12,Together AI,L40,1.488,6,7,12,1.488,1.488
2026-07-10,Vast.ai,L40,0.457,4,7,10,,
2026-07-11,Vast.ai,L40,0.457,5,7,11,0.457,
2026-07-12,Vast.ai,L40,0.457,6,7,12,0.457,0.457
2026-07-10,1Legion,L40S,0.66,4,7,10,,
2026-07-11,1Legion,L40S,0.66,5,7,11,0.66,
2026-07-12,1Legion,L40S,0.66,6,7,12,0.66,0.66
2026-07-10,AceCloud,L40S,1.65456667,4,7,10,,
2026-07-11,AceCloud,L40S,1.65456667,5,7,11,1.65456667,
2026-07-12,AceCloud,L40S,1.65456667,6,7,12,1.65456667,1.65456667
2026-07-10,Amazon AWS,L40S,2.7502,4,7,10,,
2026-07-11,Amazon AWS,L40S,2.7502,5,7,11,2.7502,
2026-07-12,Amazon AWS,L40S,2.7502,6,7,12,2.7502,2.7502
2026-07-10,AtmosCompute,L40S,2.48,4,7,10,,
2026-07-11,AtmosCompute,L40S,2.48,5,7,11,2.48,
2026-07-12,AtmosCompute,L40S,2.48,6,7,12,2.48,2.48
2026-07-11,Beam,L40S,0.72,5,7,11,,
2026-07-12,Beam,L40S,0.72,6,7,12,0.72,
2026-07-10,Civo,L40S,1.09,4,7,10,,
2026-07-11,Civo,L40S,1.09,5,7,11,1.09,
2026-07-12,Civo,L40S,1.09,6,7,12,1.09,1.09
2026-07-10,CoreWeave,L40S,1.6175,4,7,10,,
2026-07-11,CoreWeave,L40S,1.6175,5,7,11,1.6175,
2026-07-12,CoreWeave,L40S,1.6175,6,7,12,1.6175,1.6175
2026-07-10,Crusoe,L40S,1.45,4,7,10,,
2026-07-11,Crusoe,L40S,1.46,5,7,11,1.45,
2026-07-12,Crusoe,L40S,1.45,6,7,12,1.46,1.45
2026-07-10,Cudo Compute,L40S,0.87,4,7,10,,
2026-07-11,Cudo Compute,L40S,0.87,5,7,11,0.87,
2026-07-12,Cudo Compute,L40S,0.87,6,7,12,0.87,0.87
2026-07-10,DigitalOcean,L40S,1.57,4,7,10,,
2026-07-11,DigitalOcean,L40S,1.57,5,7,11,1.57,
2026-07-12,DigitalOcean,L40S,1.57,6,7,12,1.57,1.57
2026-07-10,IO.NET,L40S,1.25895,4,7,10,,
2026-07-11,IO.NET,L40S,1.07625,5,7,11,1.25895,
2026-07-12,IO.NET,L40S,1.07625,6,7,12,1.07625,1.25895
2026-07-10,Koyeb,L40S,1.2,4,7,10,,
2026-07-11,Koyeb,L40S,1.2,5,7,11,1.2,
2026-07-12,Koyeb,L40S,1.2,6,7,12,1.2,1.2
2026-07-10,Latitude.sh,L40S,0.80565,4,7,10,,
2026-07-11,Latitude.sh,L40S,0.80565,5,7,11,0.80565,
2026-07-12,Latitude.sh,L40S,0.80565,6,7,12,0.80565,0.80565
2026-07-10,Massed Compute,L40S,0.88,4,7,10,,
2026-07-11,Massed Compute,L40S,0.88,5,7,11,0.88,
2026-07-12,Massed Compute,L40S,0.88,6,7,12,0.88,0.88
2026-07-10,Modal,L40S,1.9512,4,7,10,,
2026-07-11,Modal,L40S,1.9512,5,7,11,1.9512,
2026-07-12,Modal,L40S,1.9512,6,7,12,1.9512,1.9512
2026-07-10,Nebius,L40S,1.55,4,7,10,,
2026-07-11,Nebius,L40S,1.55,5,7,11,1.55,
2026-07-12,Nebius,L40S,1.55,6,7,12,1.55,1.55
2026-07-10,Oracle Cloud,L40S,3.5,4,7,10,,
2026-07-11,Oracle Cloud,L40S,3.5,5,7,11,3.5,
2026-07-12,Oracle Cloud,L40S,3.5,6,7,12,3.5,3.5
2026-07-10,Packet AI,L40S,0.54,4,7,10,,
2026-07-11,Packet AI,L40S,0.54,5,7,11,0.54,
2026-07-12,Packet AI,L40S,0.54,6,7,12,0.54,0.54
2026-07-10,RunPod,L40S,0.79,4,7,10,,
2026-07-11,RunPod,L40S,0.79,5,7,11,0.79,
2026-07-12,RunPod,L40S,0.79,6,7,12,0.79,0.79
2026-07-10,Scaleway,L40S,1.6778,4,7,10,,
2026-07-11,Scaleway,L40S,1.7,5,7,11,1.6778,
2026-07-12,Scaleway,L40S,1.7,6,7,12,1.7,1.6778
2026-07-10,Seeweb,L40S,0.9702,4,7,10,,
2026-07-11,Seeweb,L40S,0.9716,5,7,11,0.9702,
2026-07-12,Seeweb,L40S,0.9716,6,7,12,0.9716,0.9702
2026-07-10,Sesterce,L40S,1.0208,4,7,10,,
2026-07-11,Sesterce,L40S,1.0208,5,7,11,1.0208,
2026-07-12,Sesterce,L40S,1.0208,6,7,12,1.0208,1.0208
2026-07-10,TensorDock,L40S,0.55,4,7,10,,
2026-07-10,Together AI,L40S,2.1,4,7,10,,
2026-07-11,Together AI,L40S,2.1,5,7,11,2.1,
2026-07-12,Together AI,L40S,2.1,6,7,12,2.1,2.1
2026-07-10,Vast.ai,L40S,0.4681,4,7,10,,
2026-07-11,Vast.ai,L40S,0.4681,5,7,11,0.4681,
2026-07-10,Verda,L40S,0.92475,4,7,10,,
2026-07-11,Verda,L40S,0.92475,5,7,11,0.92475,
2026-07-12,Verda,L40S,0.92475,6,7,12,0.92475,0.92475
2026-07-10,AtmosCompute,MI300X,5.48,4,7,10,,
2026-07-11,AtmosCompute,MI300X,5.48,5,7,11,5.48,
2026-07-12,AtmosCompute,MI300X,5.48,6,7,12,5.48,5.48
2026-07-10,Crusoe,MI300X,3.45,4,7,10,,
2026-07-11,Crusoe,MI300X,3.45,5,7,11,3.45,
2026-07-12,Crusoe,MI300X,3.45,6,7,12,3.45,3.45
2026-07-10,DigitalOcean,MI300X,1.99,4,7,10,,
2026-07-11,DigitalOcean,MI300X,1.99,5,7,11,1.99,
2026-07-12,DigitalOcean,MI300X,1.99,6,7,12,1.99,1.99
2026-07-10,Hot Aisle,MI300X,2.34,4,7,10,,
2026-07-11,Hot Aisle,MI300X,2.34,5,7,11,2.34,
2026-07-12,Hot Aisle,MI300X,2.34,6,7,12,2.34,2.34
2026-07-10,Oracle Cloud,MI300X,6.0,4,7,10,,
2026-07-11,Oracle Cloud,MI300X,6.0,5,7,11,6.0,
2026-07-12,Oracle Cloud,MI300X,6.0,6,7,12,6.0,6.0
2026-07-10,Seeweb,MI300X,2.68233333,4,7,10,,
2026-07-11,Seeweb,MI300X,2.6861,5,7,11,2.68233333,
2026-07-12,Seeweb,MI300X,2.6861,6,7,12,2.6861,2.68233333
2026-07-10,Vultr,MI300X,1.85,4,7,10,,
2026-07-11,Vultr,MI300X,1.85,5,7,11,1.85,
2026-07-12,Vultr,MI300X,1.85,6,7,12,1.85,1.85
2026-07-10,Vultr,MI325X,2.0,4,7,10,,
2026-07-11,Vultr,MI325X,2.0,5,7,11,2.0,
2026-07-12,Vultr,MI325X,2.0,6,7,12,2.0,2.0
2026-07-10,Oracle Cloud,MI355X,8.6,4,7,10,,
2026-07-11,Oracle Cloud,MI355X,8.6,5,7,11,8.6,
2026-07-12,Oracle Cloud,MI355X,8.6,6,7,12,8.6,8.6
2026-07-10,Vultr,MI355X,2.59,4,7,10,,
2026-07-11,Vultr,MI355X,2.59,5,7,11,2.59,
2026-07-12,Vultr,MI355X,2.59,6,7,12,2.59,2.59
2026-07-10,Hyperbolic,RTX 3070,0.16,4,7,10,,
2026-07-11,Hyperbolic,RTX 3070,0.16,5,7,11,0.16,
2026-07-12,Hyperbolic,RTX 3070,0.16,6,7,12,0.16,0.16
2026-07-10,RunPod,RTX 3070,0.13,4,7,10,,
2026-07-11,RunPod,RTX 3070,0.13,5,7,11,0.13,
2026-07-12,RunPod,RTX 3070,0.13,6,7,12,0.13,0.13
2026-07-10,Salad Cloud,RTX 3070,0.04,4,7,10,,
2026-07-11,Salad Cloud,RTX 3070,0.04,5,7,11,0.04,
2026-07-12,Salad Cloud,RTX 3070,0.04,6,7,12,0.04,0.04
2026-07-10,Vast.ai,RTX 3070,0.08051111,4,7,10,,
2026-07-11,Vast.ai,RTX 3070,0.08066667,5,7,11,0.08051111,
2026-07-12,Vast.ai,RTX 3070,0.08423333,6,7,12,0.08066667,0.08051111
2026-07-10,Salad Cloud,RTX 3070 TI,0.06,4,7,10,,
2026-07-11,Salad Cloud,RTX 3070 TI,0.06,5,7,11,0.06,
2026-07-12,Salad Cloud,RTX 3070 TI,0.06,6,7,12,0.06,0.06
2026-07-10,Vast.ai,RTX 3070 TI,0.1151,4,7,10,,
2026-07-11,Vast.ai,RTX 3070 TI,0.117,5,7,11,0.1151,
2026-07-12,Vast.ai,RTX 3070 TI,0.11575,6,7,12,0.117,0.1151
2026-07-10,Genesis Cloud,RTX 3080,0.08,4,7,10,,
2026-07-11,Genesis Cloud,RTX 3080,0.08,5,7,11,0.08,
2026-07-12,Genesis Cloud,RTX 3080,0.08,6,7,12,0.08,0.08
2026-07-10,RunPod,RTX 3080,0.17,4,7,10,,
2026-07-11,RunPod,RTX 3080,0.17,5,7,11,0.17,
2026-07-12,RunPod,RTX 3080,0.17,6,7,12,0.17,0.17
2026-07-10,Salad Cloud,RTX 3080,0.06,4,7,10,,
2026-07-11,Salad Cloud,RTX 3080,0.06,5,7,11,0.06,
2026-07-12,Salad Cloud,RTX 3080,0.06,6,7,12,0.06,0.06
2026-07-10,Vast.ai,RTX 3080,0.09321667,4,7,10,,
2026-07-11,Vast.ai,RTX 3080,0.11155,5,7,11,0.09321667,
2026-07-12,Vast.ai,RTX 3080,0.10895,6,7,12,0.11155,0.09321667
2026-07-10,RunPod,RTX 3080 TI,0.18,4,7,10,,
2026-07-11,RunPod,RTX 3080 TI,0.18,5,7,11,0.18,
2026-07-12,RunPod,RTX 3080 TI,0.18,6,7,12,0.18,0.18
2026-07-10,Salad Cloud,RTX 3080 TI,0.08,4,7,10,,
2026-07-11,Salad Cloud,RTX 3080 TI,0.08,5,7,11,0.08,
2026-07-12,Salad Cloud,RTX 3080 TI,0.08,6,7,12,0.08,0.08
2026-07-10,TensorDock,RTX 3080 TI,0.1,4,7,10,,
2026-07-10,Vast.ai,RTX 3080 TI,0.12255,4,7,10,,
2026-07-11,Vast.ai,RTX 3080 TI,0.11835,5,7,11,0.12255,
2026-07-12,Vast.ai,RTX 3080 TI,0.09105,6,7,12,0.11835,0.12255
2026-07-10,AtmosCompute,RTX 3090,1.15,4,7,10,,
2026-07-11,AtmosCompute,RTX 3090,1.15,5,7,11,1.15,
2026-07-12,AtmosCompute,RTX 3090,1.15,6,7,12,1.15,1.15
2026-07-10,Genesis Cloud,RTX 3090,0.2,4,7,10,,
2026-07-11,Genesis Cloud,RTX 3090,0.2,5,7,11,0.2,
2026-07-12,Genesis Cloud,RTX 3090,0.2,6,7,12,0.2,0.2
2026-07-10,RunPod,RTX 3090,0.22,4,7,10,,
2026-07-11,RunPod,RTX 3090,0.22,5,7,11,0.22,
2026-07-12,RunPod,RTX 3090,0.22,6,7,12,0.22,0.22
2026-07-10,Salad Cloud,RTX 3090,0.09,4,7,10,,
2026-07-11,Salad Cloud,RTX 3090,0.09,5,7,11,0.09,
2026-07-12,Salad Cloud,RTX 3090,0.09,6,7,12,0.09,0.09
2026-07-12,SwissGPU,RTX 3090,0.3098,6,7,12,,
2026-07-10,TensorDock,RTX 3090,0.1925,4,7,10,,
2026-07-11,TensorDock,RTX 3090,0.22,5,7,11,0.1925,
2026-07-10,Vast.ai,RTX 3090,0.13945,4,7,10,,
2026-07-11,Vast.ai,RTX 3090,0.12685,5,7,11,0.13945,
2026-07-12,Vast.ai,RTX 3090,0.14205,6,7,12,0.12685,0.13945
2026-07-10,RunPod,RTX 3090 TI,0.27,4,7,10,,
2026-07-11,RunPod,RTX 3090 TI,0.27,5,7,11,0.27,
2026-07-12,RunPod,RTX 3090 TI,0.27,6,7,12,0.27,0.27
2026-07-10,Salad Cloud,RTX 3090 TI,0.1,4,7,10,,
2026-07-11,Salad Cloud,RTX 3090 TI,0.1,5,7,11,0.1,
2026-07-12,Salad Cloud,RTX 3090 TI,0.1,6,7,12,0.1,0.1
2026-07-10,Vast.ai,RTX 3090 TI,0.1978,4,7,10,,
2026-07-11,Vast.ai,RTX 3090 TI,0.1622,5,7,11,0.1978,
2026-07-12,Vast.ai,RTX 3090 TI,0.1356,6,7,12,0.1622,0.1978
2026-07-10,1Legion,RTX 4000 ADA,0.255,4,7,10,,
2026-07-11,1Legion,RTX 4000 ADA,0.255,5,7,11,0.255,
2026-07-12,1Legion,RTX 4000 ADA,0.255,6,7,12,0.255,0.255
2026-07-10,Akamai Cloud,RTX 4000 ADA,0.595,4,7,10,,
2026-07-11,Akamai Cloud,RTX 4000 ADA,0.595,5,7,11,0.595,
2026-07-12,Akamai Cloud,RTX 4000 ADA,0.595,6,7,12,0.595,0.595
2026-07-10,AtmosCompute,RTX 4000 ADA,0.65,4,7,10,,
2026-07-11,AtmosCompute,RTX 4000 ADA,0.65,5,7,11,0.65,
2026-07-12,AtmosCompute,RTX 4000 ADA,0.65,6,7,12,0.65,0.65
2026-07-10,DigitalOcean,RTX 4000 ADA,0.76,4,7,10,,
2026-07-11,DigitalOcean,RTX 4000 ADA,0.76,5,7,11,0.76,
2026-07-12,DigitalOcean,RTX 4000 ADA,0.76,6,7,12,0.76,0.76
2026-07-10,IO.NET,RTX 4000 ADA,0.8295,4,7,10,,
2026-07-11,IO.NET,RTX 4000 ADA,0.8295,5,7,11,0.8295,
2026-07-12,IO.NET,RTX 4000 ADA,0.8295,6,7,12,0.8295,0.8295
2026-07-10,RunPod,RTX 4000 ADA,0.2,4,7,10,,
2026-07-11,RunPod,RTX 4000 ADA,0.19333333,5,7,11,0.2,
2026-07-12,RunPod,RTX 4000 ADA,0.19333333,6,7,12,0.19333333,0.2
2026-07-10,Sesterce,RTX 4000 ADA,0.869,4,7,10,,
2026-07-11,Sesterce,RTX 4000 ADA,0.869,5,7,11,0.869,
2026-07-12,Sesterce,RTX 4000 ADA,0.869,6,7,12,0.869,0.869
2026-07-10,Salad Cloud,RTX 4060,0.05,4,7,10,,
2026-07-11,Salad Cloud,RTX 4060,0.05,5,7,11,0.05,
2026-07-12,Salad Cloud,RTX 4060,0.05,6,7,12,0.05,0.05
2026-07-10,Vast.ai,RTX 4060,0.06922222,4,7,10,,
2026-07-11,Vast.ai,RTX 4060,0.06926667,5,7,11,0.06922222,
2026-07-12,Vast.ai,RTX 4060,0.06876667,6,7,12,0.06926667,0.06922222
2026-07-10,Salad Cloud,RTX 4060 TI,0.08,4,7,10,,
2026-07-11,Salad Cloud,RTX 4060 TI,0.08,5,7,11,0.08,
2026-07-12,Salad Cloud,RTX 4060 TI,0.08,6,7,12,0.08,0.08
2026-07-10,Vast.ai,RTX 4060 TI,0.10883333,4,7,10,,
2026-07-11,Vast.ai,RTX 4060 TI,0.10823333,5,7,11,0.10883333,
2026-07-12,Vast.ai,RTX 4060 TI,0.08623333,6,7,12,0.10823333,0.10883333
2026-07-10,Salad Cloud,RTX 4070,0.05,4,7,10,,
2026-07-11,Salad Cloud,RTX 4070,0.05,5,7,11,0.05,
2026-07-12,Salad Cloud,RTX 4070,0.05,6,7,12,0.05,0.05
2026-07-10,Vast.ai,RTX 4070,0.1224,4,7,10,,
2026-07-11,Vast.ai,RTX 4070,0.10325,5,7,11,0.1224,
2026-07-12,Vast.ai,RTX 4070,0.1297,6,7,12,0.10325,0.1224
2026-07-10,RunPod,RTX 4070 TI,0.19,4,7,10,,
2026-07-11,RunPod,RTX 4070 TI,0.19,5,7,11,0.19,
2026-07-12,RunPod,RTX 4070 TI,0.19,6,7,12,0.19,0.19
2026-07-10,Salad Cloud,RTX 4070 TI,0.08,4,7,10,,
2026-07-11,Salad Cloud,RTX 4070 TI,0.08,5,7,11,0.08,
2026-07-12,Salad Cloud,RTX 4070 TI,0.08,6,7,12,0.08,0.08
2026-07-10,Vast.ai,RTX 4070 TI,0.16905,4,7,10,,
2026-07-11,Vast.ai,RTX 4070 TI,0.16905,5,7,11,0.16905,
2026-07-12,Vast.ai,RTX 4070 TI,0.16945,6,7,12,0.16905,0.16905
2026-07-10,Salad Cloud,RTX 4070 TI SUPER,0.09,4,7,10,,
2026-07-11,Salad Cloud,RTX 4070 TI SUPER,0.09,5,7,11,0.09,
2026-07-12,Salad Cloud,RTX 4070 TI SUPER,0.09,6,7,12,0.09,0.09
2026-07-10,RunPod,RTX 4080,0.27,4,7,10,,
2026-07-11,RunPod,RTX 4080,0.27,5,7,11,0.27,
2026-07-12,RunPod,RTX 4080,0.27,6,7,12,0.27,0.27
2026-07-10,Salad Cloud,RTX 4080,0.11,4,7,10,,
2026-07-11,Salad Cloud,RTX 4080,0.11,5,7,11,0.11,
2026-07-12,Salad Cloud,RTX 4080,0.11,6,7,12,0.11,0.11
2026-07-12,SwissGPU,RTX 4080,0.2479,6,7,12,,
2026-07-10,TensorDock,RTX 4080,0.14,4,7,10,,
2026-07-10,Vast.ai,RTX 4080,0.21368333,4,7,10,,
2026-07-11,Vast.ai,RTX 4080,0.1891,5,7,11,0.21368333,
2026-07-12,Vast.ai,RTX 4080,0.2148,6,7,12,0.1891,0.21368333
2026-07-10,RunPod,RTX 4080 SUPER,0.28,4,7,10,,
2026-07-11,RunPod,RTX 4080 SUPER,0.28,5,7,11,0.28,
2026-07-12,RunPod,RTX 4080 SUPER,0.28,6,7,12,0.28,0.28
2026-07-10,1Legion,RTX 4090,0.405,4,7,10,,
2026-07-11,1Legion,RTX 4090,0.405,5,7,11,0.405,
2026-07-12,1Legion,RTX 4090,0.405,6,7,12,0.405,0.405
2026-07-10,AtmosCompute,RTX 4090,0.84,4,7,10,,
2026-07-11,AtmosCompute,RTX 4090,0.84,5,7,11,0.84,
2026-07-12,AtmosCompute,RTX 4090,0.84,6,7,12,0.84,0.84
2026-07-10,Beam,RTX 4090,0.6912,4,7,10,,
2026-07-11,Beam,RTX 4090,0.42,5,7,11,0.6912,
2026-07-12,Beam,RTX 4090,0.42,6,7,12,0.42,0.6912
2026-07-10,Genesis Cloud,RTX 4090,0.55,4,7,10,,
2026-07-11,Genesis Cloud,RTX 4090,0.55,5,7,11,0.55,
2026-07-12,Genesis Cloud,RTX 4090,0.55,6,7,12,0.55,0.55
2026-07-10,Hyperbolic,RTX 4090,0.3,4,7,10,,
2026-07-11,Hyperbolic,RTX 4090,0.3,5,7,11,0.3,
2026-07-12,Hyperbolic,RTX 4090,0.3,6,7,12,0.3,0.3
2026-07-10,IO.NET,RTX 4090,0.5145,4,7,10,,
2026-07-11,IO.NET,RTX 4090,0.63,5,7,11,0.5145,
2026-07-12,IO.NET,RTX 4090,0.63,6,7,12,0.63,0.5145
2026-07-10,Oblivus,RTX 4090,0.64,4,7,10,,
2026-07-11,Oblivus,RTX 4090,0.64,5,7,11,0.64,
2026-07-12,Oblivus,RTX 4090,0.64,6,7,12,0.64,0.64
2026-07-10,RunPod,RTX 4090,0.34,4,7,10,,
2026-07-11,RunPod,RTX 4090,0.34,5,7,11,0.34,
2026-07-12,RunPod,RTX 4090,0.34,6,7,12,0.34,0.34
2026-07-10,Salad Cloud,RTX 4090,0.16,4,7,10,,
2026-07-11,Salad Cloud,RTX 4090,0.16,5,7,11,0.16,
2026-07-12,Salad Cloud,RTX 4090,0.16,6,7,12,0.16,0.16
2026-07-10,Sesterce,RTX 4090,0.605,4,7,10,,
2026-07-11,Sesterce,RTX 4090,0.605,5,7,11,0.605,
2026-07-12,Sesterce,RTX 4090,0.605,6,7,12,0.605,0.605
2026-07-12,SwissGPU,RTX 4090,0.4957,6,7,12,,
2026-07-10,TensorDock,RTX 4090,0.316,4,7,10,,
2026-07-10,Vast.ai,RTX 4090,0.2763,4,7,10,,
2026-07-11,Vast.ai,RTX 4090,0.2896,5,7,11,0.2763,
2026-07-12,Vast.ai,RTX 4090,0.2896,6,7,12,0.2896,0.2763
2026-07-10,Vast.ai,RTX 4500 ADA,0.32296667,4,7,10,,
2026-07-11,Vast.ai,RTX 4500 ADA,0.2963,5,7,11,0.32296667,
2026-07-12,Vast.ai,RTX 4500 ADA,0.2963,6,7,12,0.2963,0.32296667
2026-07-10,Salad Cloud,RTX 5060,0.065,4,7,10,,
2026-07-11,Salad Cloud,RTX 5060,0.065,5,7,11,0.065,
2026-07-12,Salad Cloud,RTX 5060,0.065,6,7,12,0.065,0.065
2026-07-10,Vast.ai,RTX 5060,0.0864,4,7,10,,
2026-07-11,Vast.ai,RTX 5060,0.0828,5,7,11,0.0864,
2026-07-12,Vast.ai,RTX 5060,0.0828,6,7,12,0.0828,0.0864
2026-07-10,AtmosCompute,RTX 5060 TI,0.24,4,7,10,,
2026-07-11,AtmosCompute,RTX 5060 TI,0.24,5,7,11,0.24,
2026-07-12,AtmosCompute,RTX 5060 TI,0.24,6,7,12,0.24,0.24
2026-07-10,Salad Cloud,RTX 5060 TI,0.07,4,7,10,,
2026-07-11,Salad Cloud,RTX 5060 TI,0.07,5,7,11,0.07,
2026-07-12,Salad Cloud,RTX 5060 TI,0.07,6,7,12,0.07,0.07
2026-07-10,Vast.ai,RTX 5060 TI,0.09087778,4,7,10,,
2026-07-11,Vast.ai,RTX 5060 TI,0.08266667,5,7,11,0.09087778,
2026-07-12,Vast.ai,RTX 5060 TI,0.09556667,6,7,12,0.08266667,0.09087778
2026-07-10,AtmosCompute,RTX 5070,0.34,4,7,10,,
2026-07-11,AtmosCompute,RTX 5070,0.34,5,7,11,0.34,
2026-07-12,AtmosCompute,RTX 5070,0.34,6,7,12,0.34,0.34
2026-07-10,Salad Cloud,RTX 5070,0.08,4,7,10,,
2026-07-11,Salad Cloud,RTX 5070,0.08,5,7,11,0.08,
2026-07-12,Salad Cloud,RTX 5070,0.08,6,7,12,0.08,0.08
2026-07-10,Vast.ai,RTX 5070,0.10146667,4,7,10,,
2026-07-11,Vast.ai,RTX 5070,0.117,5,7,11,0.10146667,
2026-07-12,Vast.ai,RTX 5070,0.1344,6,7,12,0.117,0.10146667
2026-07-10,Salad Cloud,RTX 5070 TI,0.1,4,7,10,,
2026-07-11,Salad Cloud,RTX 5070 TI,0.1,5,7,11,0.1,
2026-07-12,Salad Cloud,RTX 5070 TI,0.1,6,7,12,0.1,0.1
2026-07-10,Vast.ai,RTX 5070 TI,0.16163333,4,7,10,,
2026-07-11,Vast.ai,RTX 5070 TI,0.155,5,7,11,0.16163333,
2026-07-12,Vast.ai,RTX 5070 TI,0.155,6,7,12,0.155,0.16163333
2026-07-10,AtmosCompute,RTX 5080,0.61,4,7,10,,
2026-07-11,AtmosCompute,RTX 5080,0.61,5,7,11,0.61,
2026-07-12,AtmosCompute,RTX 5080,0.61,6,7,12,0.61,0.61
2026-07-10,RunPod,RTX 5080,0.39,4,7,10,,
2026-07-11,RunPod,RTX 5080,0.39,5,7,11,0.39,
2026-07-12,RunPod,RTX 5080,0.39,6,7,12,0.39,0.39
2026-07-10,Salad Cloud,RTX 5080,0.18,4,7,10,,
2026-07-11,Salad Cloud,RTX 5080,0.18,5,7,11,0.18,
2026-07-12,Salad Cloud,RTX 5080,0.18,6,7,12,0.18,0.18
2026-07-12,SwissGPU,RTX 5080,0.3098,6,7,12,,
2026-07-10,Vast.ai,RTX 5080,0.21595,4,7,10,,
2026-07-11,Vast.ai,RTX 5080,0.1967,5,7,11,0.21595,
2026-07-12,Vast.ai,RTX 5080,0.21595,6,7,12,0.1967,0.21595
2026-07-10,1Legion,RTX 5090,0.62,4,7,10,,
2026-07-11,1Legion,RTX 5090,0.62,5,7,11,0.62,
2026-07-12,1Legion,RTX 5090,0.62,6,7,12,0.62,0.62
2026-07-10,AtmosCompute,RTX 5090,1.18,4,7,10,,
2026-07-11,AtmosCompute,RTX 5090,1.18,5,7,11,1.18,
2026-07-12,AtmosCompute,RTX 5090,1.18,6,7,12,1.18,1.18
2026-07-11,Beam,RTX 5090,0.68,5,7,11,,
2026-07-12,Beam,RTX 5090,0.68,6,7,12,0.68,
2026-07-11,IO.NET,RTX 5090,0.6825,5,7,11,,
2026-07-12,IO.NET,RTX 5090,0.6825,6,7,12,0.6825,
2026-07-10,RunPod,RTX 5090,0.69,4,7,10,,
2026-07-11,RunPod,RTX 5090,0.69,5,7,11,0.69,
2026-07-12,RunPod,RTX 5090,0.69,6,7,12,0.69,0.69
2026-07-10,Salad Cloud,RTX 5090,0.25,4,7,10,,
2026-07-11,Salad Cloud,RTX 5090,0.25,5,7,11,0.25,
2026-07-12,Salad Cloud,RTX 5090,0.25,6,7,12,0.25,0.25
2026-07-10,Sesterce,RTX 5090,0.715,4,7,10,,
2026-07-11,Sesterce,RTX 5090,0.715,5,7,11,0.715,
2026-07-12,Sesterce,RTX 5090,0.715,6,7,12,0.715,0.715
2026-07-12,SwissGPU,RTX 5090,0.6197,6,7,12,,
2026-07-10,TensorDock,RTX 5090,0.65,4,7,10,,
2026-07-10,Vast.ai,RTX 5090,0.3163,4,7,10,,
2026-07-11,Vast.ai,RTX 5090,0.3163,5,7,11,0.3163,
2026-07-12,Vast.ai,RTX 5090,0.3163,6,7,12,0.3163,0.3163
2026-07-10,AceCloud,RTX 6000 ADA,1.21635,4,7,10,,
2026-07-11,AceCloud,RTX 6000 ADA,1.21635,5,7,11,1.21635,
2026-07-12,AceCloud,RTX 6000 ADA,1.21635,6,7,12,1.21635,1.21635
2026-07-10,AtmosCompute,RTX 6000 ADA,1.64,4,7,10,,
2026-07-11,AtmosCompute,RTX 6000 ADA,1.64,5,7,11,1.64,
2026-07-12,AtmosCompute,RTX 6000 ADA,1.64,6,7,12,1.64,1.64
2026-07-10,DigitalOcean,RTX 6000 ADA,1.57,4,7,10,,
2026-07-11,DigitalOcean,RTX 6000 ADA,1.57,5,7,11,1.57,
2026-07-12,DigitalOcean,RTX 6000 ADA,1.57,6,7,12,1.57,1.57
2026-07-10,IO.NET,RTX 6000 ADA,0.6825,4,7,10,,
2026-07-11,IO.NET,RTX 6000 ADA,0.6825,5,7,11,0.6825,
2026-07-12,IO.NET,RTX 6000 ADA,0.6825,6,7,12,0.6825,0.6825
2026-07-10,Massed Compute,RTX 6000 ADA,0.85,4,7,10,,
2026-07-11,Massed Compute,RTX 6000 ADA,0.79,5,7,11,0.85,
2026-07-12,Massed Compute,RTX 6000 ADA,0.79,6,7,12,0.79,0.85
2026-07-10,Microsoft Azure,RTX 6000 ADA,3.6575,4,7,10,,
2026-07-11,Microsoft Azure,RTX 6000 ADA,3.6575,5,7,11,3.6575,
2026-07-12,Microsoft Azure,RTX 6000 ADA,3.6575,6,7,12,3.6575,3.6575
2026-07-10,RunPod,RTX 6000 ADA,0.57333333,4,7,10,,
2026-07-11,RunPod,RTX 6000 ADA,0.57333333,5,7,11,0.57333333,
2026-07-12,RunPod,RTX 6000 ADA,0.57333333,6,7,12,0.57333333,0.57333333
2026-07-10,Sesterce,RTX 6000 ADA,0.96525,4,7,10,,
2026-07-11,Sesterce,RTX 6000 ADA,0.96525,5,7,11,0.96525,
2026-07-12,Sesterce,RTX 6000 ADA,0.96525,6,7,12,0.96525,0.96525
2026-07-12,SwissGPU,RTX 6000 ADA,0.9914,6,7,12,,
2026-07-10,TensorDock,RTX 6000 ADA,0.7,4,7,10,,
2026-07-10,Vast.ai,RTX 6000 ADA,0.4689,4,7,10,,
2026-07-11,Vast.ai,RTX 6000 ADA,0.4689,5,7,11,0.4689,
2026-07-12,Vast.ai,RTX 6000 ADA,0.4689,6,7,12,0.4689,0.4689
2026-07-10,Verda,RTX 6000 ADA,0.702,4,7,10,,
2026-07-11,Verda,RTX 6000 ADA,0.702,5,7,11,0.702,
2026-07-12,Verda,RTX 6000 ADA,0.702,6,7,12,0.702,0.702
2026-07-10,Packet AI,RTX 6000 PRO,0.66,4,7,10,,
2026-07-11,Packet AI,RTX 6000 PRO,0.66,5,7,11,0.66,
2026-07-12,Packet AI,RTX 6000 PRO,0.66,6,7,12,0.66,0.66
2026-07-10,RunPod,RTX A2000,0.12,4,7,10,,
2026-07-11,RunPod,RTX A2000,0.12,5,7,11,0.12,
2026-07-12,RunPod,RTX A2000,0.12,6,7,12,0.12,0.12
2026-07-10,1Legion,RTX A4000,0.245,4,7,10,,
2026-07-11,1Legion,RTX A4000,0.245,5,7,11,0.245,
2026-07-12,1Legion,RTX A4000,0.245,6,7,12,0.245,0.245
2026-07-10,AtmosCompute,RTX A4000,0.63,4,7,10,,
2026-07-11,AtmosCompute,RTX A4000,0.63,5,7,11,0.63,
2026-07-12,AtmosCompute,RTX A4000,0.63,6,7,12,0.63,0.63
2026-07-10,Hyperstack,RTX A4000,0.15,4,7,10,,
2026-07-11,Hyperstack,RTX A4000,0.15,5,7,11,0.15,
2026-07-12,Hyperstack,RTX A4000,0.15,6,7,12,0.15,0.15
2026-07-10,Paperspace,RTX A4000,0.79111111,4,7,10,,
2026-07-11,Paperspace,RTX A4000,0.78666667,5,7,11,0.79111111,
2026-07-12,Paperspace,RTX A4000,0.78666667,6,7,12,0.78666667,0.79111111
2026-07-10,RunPod,RTX A4000,0.17,4,7,10,,
2026-07-11,RunPod,RTX A4000,0.17,5,7,11,0.17,
2026-07-12,RunPod,RTX A4000,0.17,6,7,12,0.17,0.17
2026-07-10,Sesterce,RTX A4000,0.165,4,7,10,,
2026-07-11,Sesterce,RTX A4000,0.165,5,7,11,0.165,
2026-07-12,Sesterce,RTX A4000,0.165,6,7,12,0.165,0.165
2026-07-10,TensorDock,RTX A4000,0.0925,4,7,10,,
2026-07-11,TensorDock,RTX A4000,0.08,5,7,11,0.0925,
2026-07-10,Vast.ai,RTX A4000,0.1073,4,7,10,,
2026-07-11,Vast.ai,RTX A4000,0.1073,5,7,11,0.1073,
2026-07-12,Vast.ai,RTX A4000,0.1073,6,7,12,0.1073,0.1073
2026-07-10,AtmosCompute,RTX A4500,0.63,4,7,10,,
2026-07-11,AtmosCompute,RTX A4500,0.63,5,7,11,0.63,
2026-07-12,AtmosCompute,RTX A4500,0.63,6,7,12,0.63,0.63
2026-07-10,RunPod,RTX A4500,0.19,4,7,10,,
2026-07-11,RunPod,RTX A4500,0.19,5,7,11,0.19,
2026-07-12,RunPod,RTX A4500,0.19,6,7,12,0.19,0.19
2026-07-10,AtmosCompute,RTX A5000,0.68,4,7,10,,
2026-07-11,AtmosCompute,RTX A5000,0.68,5,7,11,0.68,
2026-07-12,AtmosCompute,RTX A5000,0.68,6,7,12,0.68,0.68
2026-07-10,Massed Compute,RTX A5000,0.44,4,7,10,,
2026-07-11,Massed Compute,RTX A5000,0.44,5,7,11,0.44,
2026-07-12,Massed Compute,RTX A5000,0.44,6,7,12,0.44,0.44
2026-07-10,Paperspace,RTX A5000,1.41111111,4,7,10,,
2026-07-11,Paperspace,RTX A5000,1.40666667,5,7,11,1.41111111,
2026-07-12,Paperspace,RTX A5000,1.40666667,6,7,12,1.40666667,1.41111111
2026-07-10,RunPod,RTX A5000,0.16,4,7,10,,
2026-07-11,RunPod,RTX A5000,0.16,5,7,11,0.16,
2026-07-12,RunPod,RTX A5000,0.16,6,7,12,0.16,0.16
2026-07-10,Salad Cloud,RTX A5000,0.09,4,7,10,,
2026-07-11,Salad Cloud,RTX A5000,0.09,5,7,11,0.09,
2026-07-12,Salad Cloud,RTX A5000,0.09,6,7,12,0.09,0.09
2026-07-10,Sesterce,RTX A5000,0.484,4,7,10,,
2026-07-11,Sesterce,RTX A5000,0.484,5,7,11,0.484,
2026-07-12,Sesterce,RTX A5000,0.484,6,7,12,0.484,0.484
2026-07-10,Vast.ai,RTX A5000,0.2924,4,7,10,,
2026-07-11,Vast.ai,RTX A5000,0.2924,5,7,11,0.2924,
2026-07-12,Vast.ai,RTX A5000,0.2924,6,7,12,0.2924,0.2924
2026-07-10,1Legion,RTX A6000,0.67,4,7,10,,
2026-07-11,1Legion,RTX A6000,0.67,5,7,11,0.67,
2026-07-12,1Legion,RTX A6000,0.67,6,7,12,0.67,0.67
2026-07-10,AceCloud,RTX A6000,1.0061,4,7,10,,
2026-07-11,AceCloud,RTX A6000,1.0061,5,7,11,1.0061,
2026-07-12,AceCloud,RTX A6000,1.0061,6,7,12,1.0061,1.0061
2026-07-10,AtmosCompute,RTX A6000,1.23,4,7,10,,
2026-07-11,AtmosCompute,RTX A6000,1.23,5,7,11,1.23,
2026-07-12,AtmosCompute,RTX A6000,1.23,6,7,12,1.23,1.23
2026-07-10,Hyperstack,RTX A6000,0.5,4,7,10,,
2026-07-11,Hyperstack,RTX A6000,0.5,5,7,11,0.5,
2026-07-12,Hyperstack,RTX A6000,0.5,6,7,12,0.5,0.5
2026-07-10,IO.NET,RTX A6000,0.4875,4,7,10,,
2026-07-11,IO.NET,RTX A6000,0.4935,5,7,11,0.4875,
2026-07-12,IO.NET,RTX A6000,0.4935,6,7,12,0.4935,0.4875
2026-07-10,Koyeb,RTX A6000,0.75,4,7,10,,
2026-07-11,Koyeb,RTX A6000,0.75,5,7,11,0.75,
2026-07-12,Koyeb,RTX A6000,0.75,6,7,12,0.75,0.75
2026-07-10,Lambda Labs,RTX A6000,1.09,4,7,10,,
2026-07-11,Lambda Labs,RTX A6000,1.09,5,7,11,1.09,
2026-07-12,Lambda Labs,RTX A6000,1.09,6,7,12,1.09,1.09
2026-07-10,Massed Compute,RTX A6000,0.535,4,7,10,,
2026-07-11,Massed Compute,RTX A6000,0.535,5,7,11,0.535,
2026-07-12,Massed Compute,RTX A6000,0.535,6,7,12,0.535,0.535
2026-07-10,Oblivus,RTX A6000,0.55,4,7,10,,
2026-07-11,Oblivus,RTX A6000,0.55,5,7,11,0.55,
2026-07-12,Oblivus,RTX A6000,0.55,6,7,12,0.55,0.55
2026-07-10,Paperspace,RTX A6000,1.67708333,4,7,10,,
2026-07-11,Paperspace,RTX A6000,1.67375,5,7,11,1.67708333,
2026-07-12,Paperspace,RTX A6000,1.67375,6,7,12,1.67375,1.67708333
2026-07-10,RunPod,RTX A6000,0.33,4,7,10,,
2026-07-11,RunPod,RTX A6000,0.33,5,7,11,0.33,
2026-07-12,RunPod,RTX A6000,0.33,6,7,12,0.33,0.33
2026-07-10,Seeweb,RTX A6000,0.84466667,4,7,10,,
2026-07-11,Seeweb,RTX A6000,0.8458,5,7,11,0.84466667,
2026-07-12,Seeweb,RTX A6000,0.8458,6,7,12,0.8458,0.84466667
2026-07-10,Sesterce,RTX A6000,0.539,4,7,10,,
2026-07-11,Sesterce,RTX A6000,0.539,5,7,11,0.539,
2026-07-12,Sesterce,RTX A6000,0.539,6,7,12,0.539,0.539
2026-07-10,TensorDock,RTX A6000,0.45,4,7,10,,
2026-07-10,Thunder Compute,RTX A6000,0.35,4,7,10,,
2026-07-11,Thunder Compute,RTX A6000,0.35,5,7,11,0.35,
2026-07-12,Thunder Compute,RTX A6000,0.35,6,7,12,0.35,0.35
2026-07-10,Vast.ai,RTX A6000,0.4022,4,7,10,,
2026-07-11,Vast.ai,RTX A6000,0.4022,5,7,11,0.4022,
2026-07-12,Vast.ai,RTX A6000,0.4022,6,7,12,0.4022,0.4022
2026-07-10,Verda,RTX A6000,0.41175,4,7,10,,
2026-07-11,Verda,RTX A6000,0.41175,5,7,11,0.41175,
2026-07-12,Verda,RTX A6000,0.41175,6,7,12,0.41175,0.41175
2026-07-10,1Legion,RTX PRO 6000,1.265,4,7,10,,
2026-07-11,1Legion,RTX PRO 6000,1.265,5,7,11,1.265,
2026-07-12,1Legion,RTX PRO 6000,1.265,6,7,12,1.265,1.265
2026-07-10,AceCloud,RTX PRO 6000,2.45306667,4,7,10,,
2026-07-11,AceCloud,RTX PRO 6000,2.45306667,5,7,11,2.45306667,
2026-07-12,AceCloud,RTX PRO 6000,2.45306667,6,7,12,2.45306667,2.45306667
2026-07-10,Akamai Cloud,RTX PRO 6000,2.5,4,7,10,,
2026-07-11,Akamai Cloud,RTX PRO 6000,2.5,5,7,11,2.5,
2026-07-12,Akamai Cloud,RTX PRO 6000,2.5,6,7,12,2.5,2.5
2026-07-10,AtmosCompute,RTX PRO 6000,2.16,4,7,10,,
2026-07-11,AtmosCompute,RTX PRO 6000,2.16,5,7,11,2.16,
2026-07-12,AtmosCompute,RTX PRO 6000,2.16,6,7,12,2.16,2.16
2026-07-10,Beam,RTX PRO 6000,1.04,4,7,10,,
2026-07-11,Beam,RTX PRO 6000,1.04,5,7,11,1.04,
2026-07-12,Beam,RTX PRO 6000,1.04,6,7,12,1.04,1.04
2026-07-10,Hyperstack,RTX PRO 6000,1.8125,4,7,10,,
2026-07-11,Hyperstack,RTX PRO 6000,1.8125,5,7,11,1.8125,
2026-07-12,Hyperstack,RTX PRO 6000,1.8125,6,7,12,1.8125,1.8125
2026-07-10,IO.NET,RTX PRO 6000,2.21375,4,7,10,,
2026-07-11,IO.NET,RTX PRO 6000,2.46225,5,7,11,2.21375,
2026-07-12,IO.NET,RTX PRO 6000,2.0895,6,7,12,2.46225,2.21375
2026-07-10,Jarvis Labs,RTX PRO 6000,1.89,4,7,10,,
2026-07-11,Jarvis Labs,RTX PRO 6000,1.89,5,7,11,1.89,
2026-07-12,Jarvis Labs,RTX PRO 6000,1.89,6,7,12,1.89,1.89
2026-07-10,Latitude.sh,RTX PRO 6000,2.655,4,7,10,,
2026-07-11,Latitude.sh,RTX PRO 6000,2.655,5,7,11,2.655,
2026-07-12,Latitude.sh,RTX PRO 6000,2.4494,6,7,12,2.655,2.655
2026-07-10,Massed Compute,RTX PRO 6000,2.1899,4,7,10,,
2026-07-11,Massed Compute,RTX PRO 6000,2.19,5,7,11,2.1899,
2026-07-12,Massed Compute,RTX PRO 6000,2.19,6,7,12,2.19,2.1899
2026-07-10,Microsoft Azure,RTX PRO 6000,3.6575,4,7,10,,
2026-07-11,Microsoft Azure,RTX PRO 6000,3.6575,5,7,11,3.6575,
2026-07-12,Microsoft Azure,RTX PRO 6000,3.6575,6,7,12,3.6575,3.6575
2026-07-10,Modal,RTX PRO 6000,3.0312,4,7,10,,
2026-07-11,Modal,RTX PRO 6000,3.0312,5,7,11,3.0312,
2026-07-12,Modal,RTX PRO 6000,3.0312,6,7,12,3.0312,3.0312
2026-07-10,Nebius,RTX PRO 6000,0.95,4,7,10,,
2026-07-11,Nebius,RTX PRO 6000,0.95,5,7,11,0.95,
2026-07-12,Nebius,RTX PRO 6000,0.95,6,7,12,0.95,0.95
2026-07-10,Oracle Cloud,RTX PRO 6000,4.5,4,7,10,,
2026-07-11,Oracle Cloud,RTX PRO 6000,4.5,5,7,11,4.5,
2026-07-12,Oracle Cloud,RTX PRO 6000,4.5,6,7,12,4.5,4.5
2026-07-10,RunPod,RTX PRO 6000,1.69,4,7,10,,
2026-07-11,RunPod,RTX PRO 6000,1.67333333,5,7,11,1.69,
2026-07-12,RunPod,RTX PRO 6000,1.69,6,7,12,1.67333333,1.69
2026-07-10,Seeweb,RTX PRO 6000,1.4268,4,7,10,,
2026-07-11,Seeweb,RTX PRO 6000,1.4288,5,7,11,1.4268,
2026-07-12,Seeweb,RTX PRO 6000,1.4288,6,7,12,1.4288,1.4268
2026-07-10,Sesterce,RTX PRO 6000,1.3035,4,7,10,,
2026-07-11,Sesterce,RTX PRO 6000,1.3035,5,7,11,1.3035,
2026-07-12,Sesterce,RTX PRO 6000,1.3035,6,7,12,1.3035,1.3035
2026-07-10,Verda,RTX PRO 6000,1.28215,4,7,10,,
2026-07-11,Verda,RTX PRO 6000,1.28215,5,7,11,1.28215,
2026-07-12,Verda,RTX PRO 6000,1.28215,6,7,12,1.28215,1.28215
2026-07-10,fal.ai,RTX PRO 6000,2.045,4,7,10,,
2026-07-11,fal.ai,RTX PRO 6000,2.045,5,7,11,2.045,
2026-07-12,fal.ai,RTX PRO 6000,2.045,6,7,12,2.045,2.045
2026-07-10,Amazon AWS,TESLA T4,0.82733333,4,7,10,,
2026-07-11,Amazon AWS,TESLA T4,0.82733333,5,7,11,0.82733333,
2026-07-12,Amazon AWS,TESLA T4,0.82733333,6,7,12,0.82733333,0.82733333
2026-07-10,IO.NET,TESLA T4,0.4725,4,7,10,,
2026-07-11,IO.NET,TESLA T4,0.4725,5,7,11,0.4725,
2026-07-12,IO.NET,TESLA T4,0.4725,6,7,12,0.4725,0.4725
2026-07-10,Microsoft Azure,TESLA T4,0.5020125,4,7,10,,
2026-07-11,Microsoft Azure,TESLA T4,0.5020125,5,7,11,0.5020125,
2026-07-12,Microsoft Azure,TESLA T4,0.5020125,6,7,12,0.5020125,0.5020125
2026-07-10,Modal,TESLA T4,0.5904,4,7,10,,
2026-07-11,Modal,TESLA T4,0.5904,5,7,11,0.5904,
2026-07-12,Modal,TESLA T4,0.5904,6,7,12,0.5904,0.5904
2026-07-10,Theta EdgeCloud,TESLA T4,0.2,4,7,10,,
2026-07-11,Theta EdgeCloud,TESLA T4,0.2,5,7,11,0.2,
2026-07-12,Theta EdgeCloud,TESLA T4,0.2,6,7,12,0.2,0.2
2026-07-10,Vast.ai,TESLA T4,0.14965,4,7,10,,
2026-07-11,Vast.ai,TESLA T4,0.14965,5,7,11,0.14965,
2026-07-12,Vast.ai,TESLA T4,0.14965,6,7,12,0.14965,0.14965
2026-07-10,IO.NET,TESLA V100,1.47,4,7,10,,
2026-07-11,IO.NET,TESLA V100,1.47,5,7,11,1.47,
2026-07-12,IO.NET,TESLA V100,1.47,6,7,12,1.47,1.47
2026-07-10,Lambda Labs,TESLA V100,0.79,4,7,10,,
2026-07-11,Lambda Labs,TESLA V100,0.79,5,7,11,0.79,
2026-07-12,Lambda Labs,TESLA V100,0.79,6,7,12,0.79,0.79
2026-07-10,Microsoft Azure,TESLA V100,1.85901875,4,7,10,,
2026-07-11,Microsoft Azure,TESLA V100,1.85901875,5,7,11,1.85901875,
2026-07-12,Microsoft Azure,TESLA V100,1.85901875,6,7,12,1.85901875,1.85901875
2026-07-10,Paperspace,TESLA V100,1.73166667,4,7,10,,
2026-07-11,Paperspace,TESLA V100,1.725,5,7,11,1.73166667,
2026-07-12,Paperspace,TESLA V100,1.725,6,7,12,1.725,1.73166667
2026-07-10,RunPod,TESLA V100,0.23,4,7,10,,
2026-07-11,RunPod,TESLA V100,0.23,5,7,11,0.23,
2026-07-12,RunPod,TESLA V100,0.23,6,7,12,0.23,0.23
2026-07-10,Sesterce,TESLA V100,0.429,4,7,10,,
2026-07-11,Sesterce,TESLA V100,0.429,5,7,11,0.429,
2026-07-12,Sesterce,TESLA V100,0.429,6,7,12,0.429,0.429
2026-07-10,Theta EdgeCloud,TESLA V100,0.99,4,7,10,,
2026-07-11,Theta EdgeCloud,TESLA V100,0.99,5,7,11,0.99,
2026-07-12,Theta EdgeCloud,TESLA V100,0.99,6,7,12,0.99,0.99
2026-07-10,Vast.ai,TESLA V100,0.1965,4,7,10,,
2026-07-11,Vast.ai,TESLA V100,0.1965,5,7,11,0.1965,
2026-07-12,Vast.ai,TESLA V100,0.17515,6,7,12,0.1965,0.1965
2026-07-10,Verda,TESLA V100,0.11475,4,7,10,,
2026-07-11,Verda,TESLA V100,0.11475,5,7,11,0.11475,
2026-07-12,Verda,TESLA V100,0.11475,6,7,12,0.11475,0.11475
